Ad Technology Provider,Privacy URL
Google,https://www.google.com/policies/technologies/partner-sites/
" Branch Metrics, Inc.",https://legal.branch.io/discovery/discovery-privacy-policy/
: Tappx,https://www.tappx.com/en/privacy-policy/
[24]7.ai (successor to EngageClick),https://www.247.ai/privacy-policy#gdpr_compliance
014 ON,https://014on.com/politica-privacidad/
152 Media LLC,https://152media.com/privacy-policy/
1plusX,https://www.1plusx.com/privacy-policy/
2getSolutions,https://www.2getsolutions.com/policies
2KDirect Inc.,https://www.ipromote.com/privacy-policy/
33Across,https://www.33across.com/privacy-policy/
366 SAS,https://www.366.fr/politique-de-confidentialite-de-la-regie/
3Q GmbH,https://3q.video/en/help-center/datenschutzhinweise
42 Ads,https://www.42ads.io/42privacy.pdf
"6Sense Insights, Inc",https://6sense.com/privacy-policy
8pod,https://marketing.8pod.com/privacy-policy
9 Dots Media Ltd,https://www.9dotsmedia.com/privacy/
90Degree,https://90degr.ee/privacy/
A Million Ads Limited,https://www.amillionads.com/privacy-policy
A.Vogel AG,https://www.avogel-company.ch/de/unternehmen/datenschutz.php
A1 PerformanceFactory,https://www.perfact.co.kr/privacy
Aarki,http://corp.aarki.com/privacy
ABCS INSIGHTS,https://www.abcsinsights.com/privacy/ad-measurement
abilicom,https://contactimpact.de/datenschutz
ablida,https://www.ablida.de/nutzungsbedingungen
Accorp Sp. z o.o.,https://instytut-pollster.pl/privacy-policy/index.html#en
AccountInsight Ltd,https://www.accountinsight.ai/privacy-policy/
Accurat,https://www.accurat.ai/legal/privacy-centre
AccuWeather,https://www.accuweather.com/en/privacy
AceeX Sp.z.o.o.,https://aceex.io/legal/platform-privacy-policy
Acuityads,https://illumin.com/legalcenter/privacy/
Acxiom,https://www.acxiom.com/privacy/gdpr/
Ad Alliance GmbH,https://www.ad-alliance.de/datenschutz/
Ad Attack AG,https://www.adatk.ag/datenschutz
Ad Insertion platform Sarl,https://www.adinsertplatform.com/privacy.html
Ad Layer,https://www.adlayer.se/privacy-policy
Ad Lightning,http://boltive.com/legal/privacy-policy
Ad Optima Digital,https://adoptimadigital.com/privacy-policy
Ad Tech Company OÜ,https://floxis.tech/privacy
"Ad-Shield, Inc",https://www.ad-shield.io/privacy-policy
Ad2iction,https://ad2.ad2iction.com/privacy/
Ad360,https://www.ad360.media/privacy.html
Adacado,https://www.adacado.com/privacy-policy-april-25-2018/
Adara Media,https://adara.com/2018/04/10/adara-gdpr-faq/
Adasta Media S.r.l.,https://www.adasta.it/en/publisher-cookie-policy/
Adbalancer,https://www.adbalancer.com/hosting-datenschutzerklaerung/
adbility media GmbH,https://www.adbility-media.com/datenschutz
adbility online GmbH,https://www.adbility-online.com/privacy-policy
Adblade,https://www.adblade.com/doc/privacy
ADBOX,http://www.adboxdigital.uk/privacy
ADBRO (GISTER PRIVATE LIMITED),https://www.adbro.com/privacy/advertising-privacy-policy
AdButler,https://www.adbutler.com/company/gdpr-compliance.html
Adcash,https://adcash.com/legal/
ADCELL,https://www.adcell.de/agb#sector_6
Adchats LLC,https://www.genleads.com/privacy
Adcombi,https://adcombi.com/cookies_policy
AddApptr GmbH,https://www.gravite.net/data-privacy
AdDefend GmbH,https://www.addefend.com/en/privacy-policy/
Addroid,https://addroid.com/privacy.html
Adelaide Metrics Inc,https://adelaidemetrics.com/privacy
AdElement,http://adelement.com/privacy-policy.html
Adello,http://www.adello.com/privacy-policy
Aderize,https://aderserve.com/privacy_policy.html
ADEX,http://theadex.com
Adex (Virtual Minds GmbH),https://virtualminds.com/platform-privacy-policy/
AdFalcon,http://www.adfalcon.com/en/tech-policy.html
ADFIXUS PTY LTD,https://www.adfixus.com/platform-privacy-policy
Adflare,https://www.adflare.com/privacy-policy/?utm_source=&utm_medium=&utm_campaign=&utm_term=&utm_content=
Adform,https://site.adform.com/uncategorized/product-and-services-privacy-policy/
AdGear,http://adgear.com/privacy
AdGibbon BV,https://www.agcs.works/privacy-policy/
AdGlare Ad Server,https://www.adglare.com/privacy
Adhese,https://adhese.com/privacy-and-cookie-policy
adhood,https://www.theadx.com/en/privacy.php
Adikteev,https://www.adikteev.com/privacy
Adimo,https://adimo.co/privacy-policy
"Aditude, Inc.",https://www.aditude.com/privacy
adjoe GmbH,https://legal.adjoe.zone/programmatic/adjoe-data-privacy-latest.html
Adjust Digital A/S,https://adjust-digital.com/privacy/
Adjust GmbH,https://www.adjust.com/terms/gdpr/
AdKernel,https://adkernel.com/privacy-policy/
AdLib Digital Limited,https://www.ad-lib.io/privacy-policy
adlocal.net,https://resepivida.my/privacy-policy/
ADLOOP,https://adloop.co/en/privacy-policy/
Adloox,http://adloox.com/disclaimer
Admagnetix,https://admagnetix.io/privacy-policy/
ADman Media,https://admanmedia.com/politica.html?setLng=es
Admaster,https://www.admaster.cc/privacy
ADMASTER PRIVATE LIMITED,https://www.admaster.cc/privacy
ADMASTERS SOLUÇÕES DE MARKETING DIGITAL LTDA,https://admasters.media/en/privacy/
Admatic GMBH,https://admatic.de/privacy-policy/
ADMAX,https://admaxmedia.io/privacy-policy/
AdMaxim,http://www.admaxim.com/admaxim-privacy-policy/
Admedia Services LLC,https://www.servicesadmedia.com/politicas-de-privacidad.html
Admedo,https://www.admedo.com/privacy-policy
Admetrics,https://admetrics.io/en/privacy_policy/
Admixer,https://admixer.net/privacy
Admo.TV,https://www.admo.tv/en/privacy-policy
Admost,http://adserver.admost.com/privacypolicy.html
ADn.AI,https://www.adn.ai/fr/politique-de-confidentialite-des-formats-publicitaires-dadn-ai-et-de-son-adserver-pour-google-ads-dv360/
Adnami ApS,https://adnami.io/privacy-policy.html
adnanny.com,http://adserver01.de/
Adnetic,https://adnetic.ru/policies/privacy
Adnuntius AS,https://adnuntius.com/privacy-policy
Adnuro IRE Limited,https://www.adnuro.com/private-policy/
Adobe Advertising Cloud,https://www.adobe.com/privacy/general-data-protection-regulation.html
AdotMob,https://veepee-ad.com/politique-confidentialite-activite-publicitaire
AdPlay,https://rtb.adplay-mobile.com/privacy-policy
AdPlayer.Pro,https://adplayer.pro/privacy
AdPlugg,https://www.adplugg.com/legal/privacy
Adpone,http://www.adpone.com/privacy-policy/
AdPredictive,https://adpredictive.com/privacy
Adprime Media LLC,https://www.adprime.com/privacy-policy
adQuery,https://policy.adquery.io
ADRENALEAD,https://adrenalead.com/en/data-protection-policy
AdRetarget,https://adretarget.me/privacy-policy
AdRetriever,https://adretriever.com/privacy-policy/
Adrino Mobile Sp. z o.o.,https://adrino.pl/Regulaminy/Polityka_prywatnosci.html
Adriver,https://www.adriver.ru/about/privacy-en/
Adrubi Media FZ-LLC,https://adrubi.com/privacy.html
adrule,https://www.adrule.net/de/datenschutz/
Ads Interactive,https://adsinteractive.com/privacy-policy
Adserver.Online,https://adserver.online/privacy
AdServing Factory srl,https://www.adservingfactory.com/privacy-policy.html
ADSGO SL d/b/a ESCALAX,https://escalax.io/legal/privacy-policy
Adsinflow,https://adsinflow.com/privacy.html
Adsmast Sp. z o.o.,https://panel.adsmast.com/public-files/privacy
Adsniper,http://ad-sniper.com/docs/privacy-en.pdf
ADSOCY,https://adsocy.com/politica-de-privacidad-y-aviso-legal/
Adsolutions BV,https://www.adsolutions.com/privacy-policy/
Adsornot Media - FZCO,https://adsornot.com/privacy-policy
AdSpirit AdServer,https://www.adspirit.de/datenschutz00.0.html
ADSpresso,https://adspresso.com.br/en/privacy
adsquare GmbH,https://adsquare.com/privacy/
Adssets,http://adssets.com/policy
ADSTOURS SAS,https://www.clickintext.com/about/charte-rgpd.php
Adstra,https://www.alc.com/privacy-policy/
Adswag B.V.,https://content.adswag.ai/legal/privacy-policy.en.html
Adswizz INC,https://www.adswizz.com/privacy-policy/
Adsyield Inc,https://adsyield.com/privacy-policy/
AdTango GmbH,https://www.adtango.com/privacy
Adtarget Teknoloji A.S.,https://adtarget.com.tr/adtarget-privacy-policy-2020.pdf
adTarget.me,https://adtarget.me/privacy.html
Adtelligence,https://adtelligence.com/en/data-privacy/
Adtelligent Inc.,https://adtelligent.com/terms-and-conditions/
"AdTheorent, Inc.",https://adtheorent.com/privacy-policy
Adthos,https://www.adthos.com/privacy-policy/
AdTile,https://www.adtile.me/privacy-policy/
AdTiming,https://www.adtiming.com/privacy-policy.php
Adtoox,https://www.adtoox.com/en/privacy-policy
AdTrader,https://adtrader.com/privacy.html
AdTriba,https://privacy.adtriba.com/
ADTTRIBUTION Inc,https://adttribution.com/privacy-policy.php
AdTune by Accenture Song,https://www.accenture.com/us-en/support/privacy-policy
AdUnity LTD,https://www.adunity.com/privacy-policy.html
ADUX,https://www.adux.co/en/personal-data/
advanced STORE GmbH,https://www.ad4mat.com/privacy
Advanse,https://advanse.io/advanse-privacy-policy/
Advant Technology Ltd,https://advanttechnology.com/wp-content/uploads/2020/11/Advant-Technology-Ltd-privacy-policy.pdf
Adventive,https://www.adventive.com/legal/privacy-policy
"Adventive Tech, Inc.",https://adventive.com/legal/privacy-policy/
Adventori,https://cool.co/publisher-experiences-home/privacy/
Adverline,https://www.adverline.com/privacy/privacy.html
Advertible,https://www.advertibleinc.com/privacy.html
Adverticum cPlc.,https://adverticum.net/english/privacy-and-data-processing-information/
Advertising.Tech FZ-LLC,https://advertising.tech/privacy-policy/
Advertserve,https://privacy.advertserve.com/
Adverty AB (publ),https://adverty.com/privacy-policy/
"ADVIA MEDIA SOLUTIONS, S.L.",https://advia.tech/privacy-policy
Advibe Media FZE,https://advibe.media/index.php/privacy-policy/
AdView,https://www.adview.com/legal/index#platform-privacy-policy
Advisible AB,https://www.advisible.com/privacy
advolution.control,https://advolution.de/privacy.php
Advrtas,https://advrtas.com/privacy-policy/
Adwatch,http://theadwatch.com/politica-privacidad/
Adways | Weborama NL,https://www.adways.com/en/privacy-policy
Adwise - Your Digital Brain,https://www.adwise.nl/privacy-statement.html
Adwise Agency,https://adwiseagency.com.ua/privacy_en
adWMG,https://adwmg.com/privacy-policy/
"AdXcel, Inc. dba ArtsAI",https://artsai.com/privacy
Adxperience SAS,https://adxperience.com/privacy-policy/
ADYOULIKE SA,https://www.adyoulike.com/pages/privacy_en.php
Adzap,https://privacy.zap.ad/privacy-policy
Adzerk,https://dev.adzerk.com/docs/privacy-policy-customers
Adzymic,http://www.adzymic.co/privacy
AerServ,https://www.aerserv.com/privacy-policy/
Affiliate Future,http://affiliatefuture.co.uk/Legal/privacy
Affinity Global,https://www.affinity.com/privacy-policy/
Affle India,https://www.revx.io/privacy-policy
Afront LTD,https://afront.io/legal/privacy-policy
Agate Systems Limited,https://www.axate.com/privacy-policy
Aidata,https://my.aidata.me/data/uploads/aidata.me-privacy-policy.pdf
Airtory,https://www.airtory.com/privacy-policy
Akamai,http://www.akamai.com/compliance/privacy
AKTYVUS SEKTORIUS,https://www.eskimi.com/privacy-policy
"AlgoriX Technology Pte. Ltd.,",https://www.algorix.co/privacy-policy/
AlikeAudience,https://alikeaudience.com/privacy-policy/
Alion,https://www.alion.nl/privacy/
"Alkami Technology, Inc.",https://www.alkami.com/privacy-policy/
Alke Tech,https://www.alketech.eu/privacy-policy-analytics
Alkemics,https://www.alkemics.com/privacy/
Alkimi,https://www.alkimi.org/legal/privacy-policy
Allegro sp. z o.o.,https://allegro.pl/regulaminy/polityka-plikow-cookies-lDzYv9wn8Tn
Allegro.pl sp. z o. o.,https://allegro.pl/help/for-buyers/account-settings/gdpr-general-information-PDEZ4dlKmUO
Aller Media AS,https://personvern.aller.no/
Alliance Gravity Data Media,https://www.alliancegravity.com/politiquedeprotectiondesdonneespersonnelles
AllMediaDesk GmbH,https://www.allmediadesk.com/en/legal-information/
Alooma,http://alooma.tv/privacypolicy.htm
Alphalyr SAS,https://www.zoho.com/salesiq/cookies-policy.html
Alphonso.tv,https://alphonso.tv/privacy/
Altice Media Ads & Connect,https://www.bfmtv.com/politique-donnees-personnelles/
ALZ Software Ltd (Clickio),http://legal.clickio.com/PrivacyPolicy/
Amagi Corporation,https://www.amagi.com/service-privacy-policy/
Amazon,https://www.amazon.co.uk/gp/help/customer/display.html?nodeId=201909010
"Amino Payments, Inc.",https://integralads.com/ias-privacy-data-management/
Amobee,https://www.amobee.com/trust/privacy-policy/
Amp.ai by Scaled Inference,https://scaledinference.com/privacy-policy
Amplified Intelligence,https://www.amplifiedintelligence.com.au/privacy-policy/
Amplified IntelligenceTechnologies,https://www.amplified.co/privacy-policy/
Animmoov Media,https://www.animmoov.com/privacypolicy.html
"ANINPRO-CREATIVE, S.L.",https://bealion.com/wp-content/uploads/2024/06/politica_privacidad_2024.pdf
AniView Ltd,https://www.aniview.com/privacy-policy/
Anonymised,https://www.anonymised.io/privacy
Ansira Partners,https://www.ansira.com/PrivacyPolicy
Answer Media,http://www.answermedia.com/privacy
"Anteriad, LLC",https://www.anteriad.com/privacy-policy
AntVoice,https://www.antvoice.com/fr/politique-de-confidentialite/
AnyClip Inc.,https://anyclip.com/privacy-policy/
Anzu Virtual Reality LTD,https://www.anzu.io/privacy-policy
Apester Ltd,https://apester.com/privacy-policy/
APEX Mobile Media,https://www.apexmobilemedia.com/privacy-policy
APEXFLOW TECH SOLUTIONS LTD,https://apexflowsdk.com/privacy
APNIC,https://labs.apnic.net/privacy.shtml
App Samurai Inc,https://insights.appsamurai.com/offerwall-privacy-policy
App Science®,https://www.appscience.ai/privacy-policy
Appcelerate ,https://appcelerate.ai/privacy-policy/
AppGrowth Inc.,https://s3.amazonaws.com/appgrowth-cloud/legal/Privacy-Policy-Appgrowth.pdf
Appier,https://www.appier.com/privacy_policy/latest/privacy_policy.html
AppLovin Corp.,https://www.applovin.com/privacy
AppMonsta Ltd,https://appmonsta.ai/privacy/
AppNexus (Xandr) Inc,https://www.microsoft.com/en-us/privacy/privacystatement
AppQwest SAS,https://metyks.com/privacy.html
AppsFlyer,https://www.appsflyer.com/privacy-policy/
Appstock LTD.,https://app-stock.com/privacy-policy/
appTV,https://yieldbi.com/privacy-policy/
Arago,https://arago.com/en/privacy-policy/
Arbigo Inc.,http://www.arbigo.com/terms--policy.html
Arcanor Bilgi Teknolojileri ve Hizmetleri A.Ş.,https://www.arcanor.com/privacy
Archon Programmatic House FZC,https://archonph.com/privacy-policy
"ArcSpan Technologies, Inc.",https://www.arcspan.com/privacy-policy/
Arcspire,https://public.arcspire.io/privacy.pdf
Ardenode Media Limited,https://ardenodemedia.com/privacy-policy/
Arkeero,https://arkeero.com/privacy/
Armis,https://armis.tech/en/armis-personal-data-privacy-policy/
Arpeely,https://arpeely.com/yourprivacy
Arrivalist,https://www.arrivalist.com/privacy#gdpr
ARSUS TECHNOLOGIES LTD,https://reklamup.com/privacy-policy.html
Art of Click,http://www.artofclick.com/privacy-policy/
Artefact Germany GmbH,https://aaa.artefact.com/privacy-policy.do
Artsai,https://artsai.com/privacy/
Artworx AS,http://adserve.zone/adserveprivacypolicy.html
Aryel s.r.l.,https://aryel.io/wp-content/uploads/2023/09/AryelSrl_PrivacyPolicy_202309.pdf
AsiaPac Net Media Limited,https://www.asiapacdigital.com/policy
Ask Locala (F.K.A Fusio by S4M),https://asklocala.com/en/privacy-policy-advertising-group/
Assertive Yield B.V.,https://www.assertiveyield.com/privacy/
Astro AdTech LLC,https://astrodigital.media/privacy-policy/
Astromotion,http://astromotiongames.com/gdpr
AT Internet,https://www.atinternet.com/en/company/data-protection/
Atedra,https://www.atedra.com/privacy-policy/
Audalaxy GmbH,https://audalaxy.com/en/privacy-policy
Audience Network,https://audiencenetwork.pl/en/internet-advertising-privacy-policy
Audience Solutions,https://justtag.com/POLITYKA_PRYWATNOSCI.pdf
Audience2Media,https://www.audience2media.com/privacy
AudienceProject,https://privacy.audienceproject.com/
AudienceRate,https://www.audiencerate.com/privacy-policy.html
AudienceRun,https://www.audiencerun.com/privacy-policy
Audiencevalue,https://www.audiencevalue.com/legal.php
audienzz AG,https://audienzz.com/datenschutz
audienzz Germany GmbH,https://www.audienzz.com/de-de/privacy
AuDigent,https://audigent.com/platform-privacy-policy
AUDIOMOB LTD,https://www.audiomob.com/privacy
Audion,https://www.audion.fm/privacy-policy
AudioStack,https://audiostack.ai/legal/privacy-policy
Aunica,https://aunica.com/privacy-policy/
Automatad Inc. (Mile),https://mile.tech/privacy-policy
Avantis Video,https://www.avantisvideo.com/privacy-policy/
Avocet,http://avocet.io/privacy-portal
Awin,https://www.awin.com/gb/privacy
Axel Kaufmann ApS,https://www.kaufmann.dk/kundeservice/persondatapolitik
Axel Springer Teaser Ad GmbH,https://www.adup-tech.com/en/privacy-policy/
Axel Springer Tech GmbH,https://ads.adsrv.as/privacy
Axis Corp LTD,https://axis-marketplace.com/policy/privacy-policy
Axonix,https://axonix.com/privacy-cookie-policy/
Azameo,http://www.azameo.fr/en/privacy-policy-notice/
Azberry B.V. ,https://azberry.com/privacy-policy
Azerion Holding B.V.,https://static.gamedistribution.com/policy/privacy-enduser.html
Azira LLC,https://azira.com/privacy-policy
AZURE TECH PTY LTD,https://www.azurebid.com/privacy-policy
B2BIQ - AdServer,https://b2bmg.net/en/data-privacy
BACKSTAGE TECHNOLOGIES LTD,https://www.bstage.io/pages/privacy-policy
Baidu USA LLC,https://www.mediago.com/policy/
Balloon Labs LLC,https://balloonlabs.ai/privacy/
bam! Interactive marketing GmbH,https://bam-interactive.de/datenschutz/
Bannercloud.io,https://www.bannercloud.io/privacy-policy
Bannerflow,https://www.bannerflow.com/privacy
BannerNow,https://bannernow.com/privacy
Bannerse OÜ,https://bannerse.com/wp-content/uploads/2023/07/Privacy-Policy_2023_6_7_Bannerse.pdf
Bannerwise,https://client.bannerwise.io/privacy-and-policy
BanterX Inc,https://www.banterx.com/privacy-policy.html
Barometric,https://barometric.com/privacy
"Basis Global Technologies, LLC",https://privacy.basis.net/
Batch Media,https://theadex.com/privacy-opt-out/
Bauhof Group AS,https://www.bauhof.ee/et/info/isikuandmete-kaitse-tingimused
BCOVERY SAS,https://bcovery.com/politique-de-confidentialite.html
BDSK Handels GmbH & Co. KG,https://www.xxxlutz.de/c/privacy
BEAPUP SOLUTIONS LTD,https://beapup.com/privacy-policy/
beAround,https://bearound.io/privacidade
Beatgrid Media B.V.,https://beatgrid.co/privacy-policy/
Bedrock Platform Ltd,https://bedrockplatform.com/privacy-policy/
Beeswax,https://www.beeswax.com/privacy.html
Beintoo,https://beintoo.com/privacy-cookie-policy-2/
Belboon,https://belboon.com/en/privacy/
BePixel,https://bepixel.net.br/privacidade.html
Bertelsmann Data Service GmbH,https://dataservices.bertelsmann.de/privacystatement/
bet365,https://help.bet365.com/en/privacy-policy
Betgenius,https://ssl.connextra.com/resources/Connextra/privacy-policy/index-v2.html
Better Ads GmbH,https://www.d3sv.net/privacy/
Better Collective A/S,https://bettercollective.com/privacy-policy/
Between Exchange,https://en.betweenx.com/pdata.pdf
BEYOND X,https://www.cci.co.jp/privacypolicy/
BidBerry SRL,https://www.bidberrymedia.com/service-privacy-policy/
Biddeo Ad Server,https://biddeo.me/privacy-policy.html
Bidease,https://bidease.com/terms-of-use
BIDGENCY GROUP LP,https://bidgency.com/legal
Bidlo,https://bidlo.io/privacy-policy
Bidmachine,https://bidmachine.io/privacy-policy/
Bidmatic Inc,https://bidmatic.io/privacy-policy/
BIDSCUBE SP. Z O.O,https://bidscube.com/privacy/
Bidtellect,https://www.bidtellect.com/gdpr-user-information
Bidtheatre,https://www.bidtheatre.com/privacy-policy
Big Happy,https://bighappy.co/privacy-policy/
Bigabid,https://www.bigabid.com/Legal/
BIGOAds,https://www.bigossp.com/agreement/privacyPolicy
Bildapp LLC,https://bildapp.net/games/privacy.html
Bilendi,https://www.maximiles.com/privacy-policy
Bizible,https://www.bizible.com/gdpr
Blasto sp.z.o.o.,https://blasto.ai/policy/privacy-policy
BLIINK,https://bliink.io/privacy-policy
Blingby,https://blingby.com/privacy
Blismedia,https://blis.com/privacy/
Bliss Point Media,https://tinuiti.com/privacy-policy/
Blockboard,https://myblockboard.com/privacy/
Blockthrough,https://blockthrough.com/privacy-policy/
Blue,https://getblue.io/privacy/
Blue Billywig,https://www.bluebillywig.com/privacy-statement/
"Blue Face co.,Ltd",https://www.clickmon.co.kr/home_new/rt_info.php
"Bluecore, Inc.",https://www.bluecore.com/privacy/
Bluesea Holdings Hong Kong Limited,https://www.blueseasx.com/policy.html
Bluesummit,https://www.bluesummit.de/datenschutz/
bly,https://www.bly.ch/datenschutz/
BMind,https://bmind.es/privacy
BMS,https://www.bluems.com/privacy/en/
Boldwin LTD,https://bold-win.com/privacy-policy/
Bombora,http://bombora.com/privacy
Bonzai,https://www.bonzai.co/privacy-policy/
Booking.com,https://www.booking.com/content/privacy.en-gb.html
Boomplay,https://www.boomplay.com/privacyPolicy
Bose,https://www.bose.co.uk/en_gb/legal/cookie_policy.html
Boston Consulting Group,https://www.bcg.com/en-us/about/privacy-policy.aspx
BotTalk UG (haftungsbeschränkt),https://bottalk.io/privacy
BounceX,https://bouncex.com/privacy/
Brainworkz,https://brainworks.pl/privacy-policy
Brame AG,https://www.brame.io/privacy-policy
Branch,https://branch.io/policies/
Brancher.X,https://brancherx.com/adserver-privacy-policy/
Brand IQ,https://brandiq.com/privacy-policy/
Brand Metrics,https://collector.brandmetrics.com/brandmetrics_privacypolicy.pdf
Brandful,https://ws.brandful.com.br/termos/pt.html
Brandhouse/Subsero A/S,https://subserohost.com/privacy_policy.aspx
Brave People Ltd.,https://www.thebrave.io/privacy-policy/
Bridgeupp LTD,https://bridgeupp.com/PrivacyPolicy.html
Bridgewell,https://www.bridgewell.com/privacy/
BridTV,https://cms.brid.tv/pages/view/privacy
BrightLine Partners LLC,https://cdn-media.brightline.tv/sdk/tcf/privacy_policy.html
Broadlab UK Limited,https://www.broadlab.tv/privacy
Browsi,https://browsi.com/privacy-policy-2/
BSmartData,https://ad.bsmartdata.com/privacy.php?lang=en
Bucksense,https://www.bucksense.com/platform-privacy-policy/
Businessclick Sp. z o.o.,https://go.pl/polityka-prywatnosci/
Butlers GmbH & Co. KG,https://www.butlers.com/policies/privacy-policy
Buzzoola,https://buzzoola.com/en/privacy
Bytelogics,https://beta.facewallet.io/privacy-policy/
C Wire AG,https://www.cwire.com/privacy-policy
C3 Metrics,https://www.c3metrics.com/privacy-policy
Cablato,https://cablato.com/privacy-policy/
Cadent,https://www.cadent.com/services-privacy-policy
Calzedonia,https://world.calzedonia.com/custserv/custserv.jsp?pageName=faq-legal-information#tab1
Capaneo GmbH,https://collection.schober.de/
CapitalData,https://www.capitaldata.fr/politique-de-confidentialite/
Captify,http://www.captify.co.uk/technologies/brand-safety
Carbonatix Ltd.,https://carbonatix.com/privacy-policy/
Caroda s.r.o.,https://www.caroda.io/privacy-statement
Carrefour,https://www.carrefour.es/politica-de-privacidad/mas-info/
Cas.ai,https://cas.ai/privacy-policy-3/
CASTOOLA D.O.O.,https://castoola.com/wp-content/uploads/2022/01/castoola_pp_06.01.2022.pdf
Cauly,https://www.cauly.net/index.html#/home/privacy4
Cavai,https://www.cavai.com/privacy-policy
Cazamba Serviços de Internet Ltda,https://cazamba.com/platform-privacy/
Cedato,https://www.cedato.com/privacy-policy/
Celtra,https://www.celtra.com/privacy-policy/
Chalice AI Limited,https://chalice.ai/privacy
Chalk Digital,https://www.chalkdigital.com/index.php/privacy-policy-2/
Channable,https://www.channable.com/privacy-policy
Channel Four Television Corporation,https://www.channel4.com/4viewers/policies-overview
Channel99,https://www.channel99.com/privacy-policy/
ChannelAdvisor,https://www.channeladvisor.com/privacy-policy/
Chartboost,https://answers.chartboost.com/en-us/articles/200780269
"Chartboost, LLC ",https://docs.chartboost.com/en/legal/privacy-policy/
Cheetah Mobile,https://www.cmcm.com/en/policies/privacy-policy
Cheq,https://www.cheq.ai/privacy
Chocolate Platform,https://chocolateplatform.com/privacy-policy/
CIBLECLIC,https://uzerly.fr/terms-and-conditions/
cignal.io Ltd.,https://cignal.io/Cignal-Privacy-Policy.pdf
Cint,https://www.cint.com/participant-privacy-notice/
"CITISERVI EUROPE, S.L.",https://www.citiservimedia.com/politica-de-privacidad-plataforma-citiservimedia/
Clario,https://www.clar.io/privacy
Claritas LLC,https://claritas.com/privacy-legal/
clean.io,https://clean.io/privacy-policy/
Clever Advertising,https://cleveradvertising.com/privacy
CleverPush GmbH,https://cleverpush.com/en/privacy/
Click2Buy,https://www.click2buy.com/privacy-policy/
Clickadu,https://www.clickadu.com/privacy
Clickagy,https://www.clickagy.com/privacy/
ClickForce,https://www.clickforce.com.tw/edcontent.php?lang=tw&tb=15
ClickOcean,https://noviltd.com/clickoceanprivacypolicy
Clickwise,https://clickwise.net/s/terms/en
Clinch,https://www.clinch.co/clinch-privacy-policy-for-advertisers-consumers-and-ad-viewers
Clipcentric GmbH,https://clipcentric.de/datenschutzerklaerung/
"Clipcentric, Inc.",https://clipcentric.com/privacy.bhtml
Clipflip interactive video,https://www.clipflip.video/data-privacy#tcf
Clipr,https://clipr.co/privacy-terms
Cloud Technologies,http://green.erne.co/assets/PolicyCT.pdf
Cloud4Wi Inc,https://cloud4wi.ai/cloud4wi-privacy-policy-for-individuals/
CloudExchange Inc d/b/a CloudX,https://www.cloudx.io/privacy-policy
Cloudflare,https://www.cloudflare.com/security-policy/
"Cloudinary, Inc.",https://cloudinary.com/privacy
Cluep Inc.,https://cluep.com/privacy/notice
"CMI Marketing, Inc. d/b/a Raptive",https://cafemedia.com/publisher-advertising-privacy-policy/
CND Motion Media GmbH,https://www.cnd-motionmedia.de/media/pdf/datenschutz_b2b.pdf
CoAdvertise,http://www.coadvertise.com/en/gdpr/
Codevelop Technologies,https://codevelop.io/en/privacy
Codigo Sweden AB,https://analytics.codigo.se/privacy
Coinzilla,https://coinzilla.com/privacy-policy/
Collective Audience,https://beop.collectiveaudience.co/privacy-policy
CollegeHumor,https://www.dropout.tv/privacy
Colossus Media LLC,https://colossusmediassp.com/privacy-policy
Combell,https://www.combell.com/nl/over-combell/privacy-policy
Commanders Act,https://www.commandersact.com/en/privacy/
communicationAds,https://www.communicationads.net/en-gb/aboutus/privacy/
comScore,https://www.comscore.com/About-comScore/Privacy-Policy
ConceptX ApS,https://www.conceptx.com/privacy
Confiant Inc.,https://www.confiant.com/privacy
congstar,https://www.congstar.de/fileadmin/files_congstar/documents/Datenschutzhinweise/Datenschutzhinweise_congstar_allgemein.pdf
Connatix,https://connatix.com/privacy-policy/
ConnectAd Demand GmbH,https://connectad.io/privacy/
Connected-Stories,https://www.connected-stories.com/privacy-policy
Connexity,http://connexity.com/gb/privacy-policy/
Conrad,https://www.conrad.de/de/ueber-conrad/rechtliches/datenschutz
Constant Contact,https://www.constantcontact.com/legal/privacy-statement
"Constellation Software, Inc",https://www.helloconstellation.com/privacy-policy
Consumable,https://consumable.com/privacy-policy/
Content Ignite,https://www.contentignite.com/gdpr/
Content Performance Group GmbH,https://www.copegroup.com/datenschutzerklaerung-vermarktung/
Contimo APS,https://www.contimo.io/privacy-policy
CONTXTFUL,https://www.contxtful.com/Privacy/
Converge-Digital,https://converge-digital.com/privacy-policy/
Conversive,https://conversive.nl/privacy/
Convo Ink,https://www.convo.ink/privacy-policy
Copper6 LTD,https://www.copper6.com/privacy
Coresibo LTD (DBA Tredio),https://tredio.io/privacy-policy/
Cortex,https://www.cortexmg.com/privacy-policy
Coupang,https://www.coupang.com/np/policies/privacy
coupling media,https://coupling.media/datenschutz
Covatic Ltd,https://covatic.com/privacy-policy/
CPG Digital GmbH,https://www.cpg-digital.com/datenschutz
CRACKLE TECHNOLOGIES PTE. LTD.,https://crackle.tech/privacy
"Craftsman Plus, Inc.",https://craftsmanplus.com/privacy-policy
Creatives,https://creatives.no/personvern/
Creatopy INC,https://www.creatopy.com/legal-information/privacy-policy/
Crimtan,https://crimtan.com/privacy-policy/
Criteo,https://www.criteo.com/privacy
"CrossInstall, Inc",https://www.crossinstall.com/data
crossvertise GmbH,https://www.crossvertise.com/rechtliches/datenschutz
Crucial Interactive Inc.,https://www.advertisers.contobox.com/privacy-policy
CTVision Hoppr Advertising Limited,https://www.ninedollars.tv/privacy-policy
CUBED,http://cubed.ai/privacy-policy/gdpr/
Cuebiq,https://www.cuebiq.com/privacypolicy/
CyberAgent,https://privacy-policy.cyberagent.ai/index-en.html
Czech Publisher Exchange z.s.p.o.,https://www.cpex.cz/pro-uzivatele/ochrana-soukromi/
D-EDGE,https://www.d-edge.com/privacy-policy/
D4,https://www.dentsu.com/nz/en/policies/privacy-notices
Dable,https://dable.io/en/privacy-policy-en/
DAC,http://www.dac.co.jp/english/utility/rule
Dailymotion,https://legal.dailymotion.com/en/privacy-policy/
Dando online LTD,https://singularads.com/privacy.html
DAPP GLOBAL LIMITED,https://ad.duapps.com/gdpr/
Data Circle,https://www.data-circle.eu/en/privacy-policy
Data2Decisions,https://www.dentsu.com/uk/en/policies/privacy-policy
"Datablocks, Inc",https://datablocks.net/privacy-policy
DataDome SA,https://datadome.co/privacy-policy/
DataExchanger,https://www.dataexchanger.pl/privacy-policy
Datafy,http://www.datafy-software.com/cookie-policy/
Datalicious,https://www.datalicious.com/privacy/
Datamoire,https://datamoire.com/privacy-policy
Dataseat,https://dataseat.com/privacy-policy
DataWave LTD,https://mydatawave.com/privacy.html
dataXtrade GmbH,https://dataxtrade.com/de/privacy.html
DATECH MEDIA DC LTD,https://carty.io/privacy
Datonics LLC,https://www.datonics.com/privacy/technology-privacy-policy
Decentralised Advertising,https://dahq.io/privacy-policy
Decentriq AG,https://decentriq.com/legal/privacy-policy
Decide Technologies Inc.,https://decide.co/privacy
DeepIntent,https://www.deepintent.com/platformprivacypolicy
DEFINE MEDIA GMBH,https://www.definemedia.de/datenschutz-conative/
Deimos Signals Pte. Ltd.,https://www.deimos-signals.com/privacy-center
Delta Air Lines,https://www.delta.com/us/en/legal/privacy-and-security
DeltaX,http://www.deltax.com/gdpr.html
Demandbase,https://www.demandbase.com/privacy-policy/
DENTSU,http://www.dentsu.co.jp/terms/data_policy.html
Dentsu A/S,https://www.dentsu.com/dk/dk/privatlivspolitik%20for%20maalgrupper
Dentsu Aegis Network,http://www.dentsu.com/termsofuse/data_policy.html
Dentsu Italia SpA,https://www.dentsu.com/it/it/policies/info-cookie
Dialog Insight France,https://www.dialoginsight.com/en/privacy-statement/
Dianomi,https://www.dianomi.com/legal/privacy.epl
Digi4u,https://digi4u.com.br/politica-de-privacidade/
Digiseg,https://digiseg.io/privacy-center/
"Digital Ad Systems, Corp.",https://eu.dashboard.digitaladsystems.com/privacy.html
Digital Hub Hannover GmbH,https://www.digitalhub-h.de/datenschutz/
DIGITAL SQUAD,https://www.squadata.net/en/politique-confidentialite
"Digital Turbine Media, Inc",https://www.digitalturbine.com/privacy-policy/
digitalAudience,https://digitalaudience.io/legal/
Digitaleast,https://www.digitaleast.mobi/en/privacy-policy/
Digitalist Group,https://digitalist.global/privacy-policy/
Digitalsunray,https://www.digitalsunray.com/de/datenschutz
DIGITEKA Technologies,https://www.ultimedia.com/default/presentation/cgu
direct interactive,https://www.apartena.net/datenschutzerklaerung.html
Discover-Tech LTD,http://discover-tech.io/dsp-privacy-policy/
Display.direct,https://display.direct/wp-content/uploads/2018/04/Privacy-Policy.pdf
Display.io Inc.,https://www.display.io/privacy-policy
DISQO,https://www.disqo.com/privacy-policy/
Disqus,https://help.disqus.com/en/articles/1717103-disqus-privacy-policy
DistroScale,http://www.distroscale.com/about/privacy-policy/
DIVEE INSTANT.AI LTD,https://divee.ai/privacy
dm drogerie markt GmbH,https://www.dm.at/datenschutzerklaerung-social-media-2447426
DM3 Concepts B.V.,https://www.dm3concepts.com/privacy-policy/
Doceree UK Limited,https://doceree.com/privacy-policy
Domob,https://www.domob.cn/article?id=advertiserPlatformPrivacyPolicy
DongFairy Technology Limited,https://www.mindtos.com/privacy-policy/
Double Check,https://adchex.com/privacy-policy/
DoubleVerify,https://doubleverify.com/privacy-notice
dpa-infocom GmbH,https://service.dpa-infocom.de/de/support/solutions/articles/202000032830-informationen-zum-datenschutz-f%C3%BCr-die-user-unserer-kunden
DPG Media BV,https://www.persgroep.nl/privacy
Drako Media Group Inc.,https://www.drakomediagroup.com/privacy-policy/
DSR Agency,https://www.dsr.agency/privacy
Dstillery,https://dstillery.com/privacy-policy/
DT Exchange (Fyber Monetization),https://www.digitalturbine.com/legal/privacy-policy
Dumarca Gaming Ltd,https://www.verajohn.com/about/privacy-policy
Duration Media,https://durationmedia.net/services-privacy-policy/
DynAd,https://www.dynad.net/en/privacy-and-terms.html
DynAdmic Corporation,http://us.dynadmic.com/privacy-policy/
Dynamic 1001 GmbH,https://www.dynamic1001.com/Datenschutz.aspx
Dynamic Yield,https://www.dynamicyield.com/gdpr/
Dynamo.video,https://dynamo.video/en/privacy-policy/
Dynata,https://www.opinionoutpost.co.uk/en-gb/policies/privacy
E-Planning,https://www.e-planning.net/privacy-policy.html
E.ON Energie Deutschland GmbH,https://www.eon.de/de/pk/datenschutz.html
Eacnur,https://eacnur.org/es/politica-privacidad
EASY Marketing GmbH,https://easy-m.de/datenschutzerklarung
"EASY TECH GROUP CO., LIMITED",https://www.pubeasy.io/privacy-policy.html
EASYmedia,https://www.rvty.net/gdpr
EasyPlatform,https://easyplatform.com/policy.php
eBay,https://www.ebay.com/help/policies/member-behaviour-policies/user-privacy-notice-privacy-policy?id=4260#section12
ebuilders,https://www.mediamonks.com/privacy-notice
econda GmbH,https://www.econda.de/service/datenschutz/
Edge NPD,http://edgenpd.com/privacy-policy/
Edge226 Ltd,https://edge226.com/privacy-policy/
EDO,https://www.edo.com/legal/privacy-policy
Effinity,https://www.effiliation.com/politique-confidentialite.html
EFICIENS,https://www.eficiens.com/gestion-donnees-personnelles/
EKCS UK Limited,https://www.mediaferry.com/privacy-policy/
eLabz SRL,https://outpush.io/privacy-policy/
EliteAppgrade,https://eliteappgrade.com/privacy-policy
eMarketingSolutions,https://emarketingsolutions.es/privacy-policy
Emerse,https://www.emerse.com/privacy-policy/
emetriq,https://www.emetriq.com/datenschutz/
Emodo,https://emodo.com/privacy-policy/
Empathy Technology Pte.Ltd. (BIGO Ads),https://www.bigossp.com/agreement/privacyPolicy?v=v1.2.0
Empower AdTech,https://www.empower.net/privacy
Enbritely,https://enbrite.ly/privacy
Encore Digital Media,https://www.encoredigitalmedia.net/privacy-policy
engageBDR,http://engagebdr.com/terms/EngageBDR_Buyer_Addendum_December_2015.pdf
Ensighten,https://www.ensighten.com/privacy-policy/
ENVISIONX LTD,http://envisionx.co/privacy
Epom,https://epom.com/privacy-policy
Epsilon,https://legal.epsilon.com/eu/privacy-policy-services
Equativ,https://privacy.equativ.com/end-users-privacy-policy/
Erate,https://eratead.com/privacy
Erli,https://erli.pl/regulaminy/polityka-prywatnosci-i-cookie-27-08-2026
ERMES,https://www.ermes.ai/politique-confidentialite.html
esome advertising technologies gmbh,https://www.esome.com/en/data-privacy/
ETARGET,https://sk.search.etargetnet.com/policy.html
ETERNA,https://www.eterna.de/datenschutz
Eulerian Technologies,https://www.eulerian.com/en/privacy/
Euvic 360e-com,https://www.clickonometrics.com/optout/
EVC,http://morequalifiedleads.co.uk/privacy.html
Everflow – Partner Marketing Platform,https://www.everflow.io/legal/gdpr-policy
Evidon,https://www.crownpeak.com/privacy
Evolution Tech,https://e-volution.ai/privacy-policy-3/
Evorra Ltd,https://evorra.com/product-privacy-policy/
EX.CO Technologies Ltd ,https://ex.co/privacy-policy/
Exactag,https://www.exactag.com/en/data-privacy
EXADS,https://www.exads.com/privacy-policy
Exit Bee Limited,https://www.exitbee.com/privacy/
"EXOCLICK, S.L.",https://www.exoclick.com/privacy-policy/
"Expedia, Inc.",https://www.expedia.co.uk/p/support/privacy
Experian LTD,https://www.experian.co.uk/privacy/consumer-information-portal/
Experience TEN Kft,http://ten.media/privacy-policy
Exponential,http://exponential.com/privacy/
Exposebox,https://exposebox.com/privacy-policy/
Extreme Reach,https://extremereach.com/privacy-policy/
EYECONICSPOT LLC,https://eyeconicspot.com/privacy-policy/
Eyeota,https://www.eyeota.com/eyeota-marketplace-privacy-policy
Ezoic Inc.,https://www.ezoic.com/privacy/
F Sharp,https://fsharp.co/privacy-policy
F@N communications,https://www.fancs.com/privacypolicy
Factor Eleven,https://www.factor-eleven.de/en/contact/privacy-policy/
Factori Technologies Pte Ltd. ,https://www.factori.ai/privacy-policy/
Factual Inc.,https://www.factual.com/privacy
Fast Thinking,https://www.fast-thinking.co.uk/privacy-policy
FeedAd GmbH,https://feedad.com/privacy/
Feeltapmedia Limited,https://www.feeltapmedia.com/privacyPolicy/
FIDUCIA DLT,https://www.fiducia.eco/privacy
Fifty Technology Limited,https://fifty.io/privacy-policy
FireArc Technologies Ltd,https://www.carambola.com/privacypolicy
First-id,https://www.first-id.fr/legale/cookie-policy/
First-id bidder,https://www.first-id.fr/legale/cookie-policy/
firststars,https://firststars.de/datenschutzeinstellungen
Fivecell Research Group Limited,https://www.fivecellgroup.com/privacy-centre/privacy-policy
Fiverr,https://www.fiverr.com/privacy-policy
Flarie,https://flarie.com/privacy
Flexitive,https://app.flexitive.com/signup/privacy
"Flexoffers.com, LLC",https://www.flexoffers.com/privacy-policy/
Flowplayer AB,https://stdlwcdn.lwcdn.com/DPA.pdf
fluct,https://corp.fluct.jp/privacy/
FLYWHEEL,https://www.flywheel.jp/privacy-policy/
Footballco Media Limited,https://www.goal.com/en-gb/legal/privacy-policy
Forbes,https://www.forbes.com/privacy/english/
FORTVISION,https://www.fortvision.com/privacy-policy/index.html
Foursquare,https://foursquare.com/legal/privacy
Fractional Media,https://www.fractionalmedia.com/privacy-policy
FranceTV Publicité,https://www.francetelevisions.fr/groupe/confidentialite
fraud0,https://www.fraud0.com/privacy-policy/
Fraudlogix,http://www.fraudlogix.com/privacy-policy/
FreeWheel,https://www.freewheel.com/privacy-policy
Fresh8 Gaming,https://www.fresh8gaming.com/privacy
"Front Porch, Inc.",https://www.frontporch.com/privacy/
FUNKE Digital GmbH,https://funkedigital.de/datenschutzerklaerung/
Furniture Village,https://www.furniturevillage.co.uk/privacy-policy.html
FXCM.com,https://www.fxcm.com/uk/legal/data-protection-rights/
Gadsme,https://www.gadsme.com/privacy-policy/
GALAXY X TECH LIMITED,https://www.galaxyx-tech.com/privacy-policy/
GameAnalytics ApS,https://gameanalytics.com/trust/privacy/privacy-notice
Gameloft SE,https://www.gameloft.com/en/privacy-notice
"Gamera, Inc.",https://www.gamera.ai/policies/privacy.html
Gamesight,https://console.gamesight.io/privacy-policy
GAMNED,https://www.gamned.com/privacy-policy/
Gamoshi Ltd,https://www.gamoshi.com/privacy-policy
"GDM Services, Inc d/b/a Fiksu DSP",https://fiksu.com/gdpr/
GEEMEE INC.,https://www.geemee.ai/privacy
GeistM Technologies LTD,https://geistm.com/legal/privacy
GEMINI DIRECT marketing solutions GmbH,https://www.geminidirect.de/datenschutz
Gemius,https://gemius.com/privacy-policy/cookie-policy/
Genius Sports Media Inc.,https://www.geniussports.com/policies/media-buying-services-and-tcf-privacy-notice/
Genuin Inc,https://begenuin.com/privacy
GeoEdge,https://www.geoedge.com/privacy-policy/
geolad GmbH,https://geolad.com/privacy/
GetIntent,https://getintent.com/privacy/
GetmediaMX LLC,https://getmediamx.com/privacy-policy/
Getquanty,http://www.getquanty.com/mentions-legales/
GfK,https://sensic.net/
Giantmedia,http://giantmedia.com/about-giant/privacy-policy/
Gimii,https://gimii.fr/mentions-legales-politique-de-confidentialite/
Gitberry AS,https://gitberry.com/privacy-policy
"Glassdoor, Inc.",https://www.glassdoor.com/gdpr/index.htm
Global Media Group Services Limited,https://global.com/legal/privacy-policy/
GlobalWebIndex,http://legal.trendstream.net/non-panellist_privacy_policy
glomex GmbH,https://www.glomex.com/en/privacy-policy/privacy-notice-for-the-glomex-player/
Glui,https://www.glui.io/policy
Go Mobile,https://gotechnology.ai/policy.pdf
Go Mobile Inc,https://gonet-ads.com/policy.html
Go See TV Limited,https://www.goseetv.media/privacy
GO.PL,https://go.pl/polityka-bezpieczenstwa-danych-osobowych/
GoBID,https://gobid.auction/privacy-policy/
Goldbach Group AG,https://goldbach.com/ch/de/datenschutzerklaerung/goldbach-group-ag
GoldSpot Media,https://corp.fluct.jp/privacy/gsm/
Good-Loop,https://doc.good-loop.com/policy/privacy-policy.html
Goodeed,https://en.goodeed.com/privacy
Goodway Group,https://goodwaygroup.com/privacy-policy/
Gourmet Ads Pty Ltd,https://www.gourmetads.com/about/privacy-policy/
GP One,http://www.gsi-one.org/templates/gsi/en/files/privacy_policy.pdf
Grabit Interactive,https://kerv.ai/privacy-policy/
Graphyte,https://graphyte.ai/privacy-policy/
Gravito Ltd.,https://www.gravito.net/privacy-notice/
Greenvest Betting Ltd.,https://privacypolicy.neo.bet
Greeter Holdings Ltd Adipolo,https://adipolo.com/privacy-policy.html
Gridsum,https://ad2.gridsumdissector.com/about-googleadwords-privacy?lang=en
GroovinAds,https://www.groovinads.com/privacy
Groundhog Technologies Inc.,https://mi.ghtinc.com/en-us/privacy-policy/advertising-privacy-policy-3
GroundhogTech,https://www.ghtinc.com/privacy-policy/
GroundTruth,https://www.groundtruth.com/privacy-policy/
GROUPE M6,https://www.6play.fr/politique-de-confidentialite
GroupM,https://www.greenhousegroup.com/nl/privacy-statement
Gruuv Interactive,https://www.gruuvinteractive.com/privacy-policy/
Gruvi,https://gruvi.tv/gruvi-privacy-policy/
gskinner,https://createjs.com/legal/privacy.html
"GumGum, Inc",https://gumgum.com/privacy-policy
Haensel AMS,https://haensel-ams.com/privacy.html
Halusky Inc.,https://www.kontext.so/privacy
Happydemics,https://happydemics.com/en/privacy-policy
Happyfication inc,https://happyfication.com/privacy-policy/
Hargreaves Lansdown,https://www.hl.co.uk/privacy-policy
Hashtag Labs Inc.,https://hashtag-labs.com/privacy-policy.html
Hashtag'd,https://hashtagd.net/about/privacy
"HasOffer - Tune, Inc",https://www.hasoffers.com/privacy-policy/
Havas Media (Artemis Alliance S.L.U.),https://havasmedianetwork.com/data-protection-policy/
Haxelo LLC,https://haxelo.com/legal/privacy-policy/
HBAgency,https://www.hbagency.ai/privacy
hbfsTech,http://www.hbfstech.com/fr/privacy.html
HEIMSPIEL Medien GmbH & Co. KG,https://heimspiel.de/legal/privacy-policy-iab-vendor/
HighLoadIT OU d/b/a PPC.BUZZ,https://ppc.buzz/privacy-policy/
HighVibes Media GmbH,https://highvibes.media/datenschutz/
Hiili,https://hiili.org/privacy/
Hillside (Sports) GP Limited,https://www.bet365partners.com/en/privacypolicy
Hivestack Inc.,https://hivestack.com/privacy-policy
HockeyCurve,https://hockeycurve.com/optout.html
Holid AB,https://app.holid.io/assets/documents/PrivacyPolicyHolid.pdf
"HONG KONG ZHIONE TECHNOLOGY CO., LIMITED",https://www.tradplusad.com/en/privacy-policy
HONGKONG THUNDER SOLUTION LIMITED,https://thunder-monetize.com/privacy
Hoppr Ltd,https://hopprtv.com/privacy-policy
Hotels.com L. P.,https://uk.hotels.com/customer_care/privacy.html
Housing.com,https://housing.com/terms.html
HQ GmbH,https://www.hqgmbh.de/datenschutz/
https://setupad.com/,https://setupad.com/
Hubvisor,https://cdn.hubvisor.io/assets/policy.pdf
HueAds,https://www.hueads.com/privacypolicy.html
Human Made Machine Limited,https://surveymachine.io/#privacy
"HUMAN SECURITY, INC.",https://www.humansecurity.com/privacy-policy/
hurra.com,http://www.hurra.com/impressum
Hurst Group Limited,https://www.hurstmediacompany.co.uk/terms-conditions/
Hybrid Theory,https://hybridtheory.com/privacy-notice/
hybrid.ai,https://hybrid.ai/data_protection_policy/
HYP Pty Ltd,https://www.hyp.mobi/privacy-policy
hyScore.io GmbH,https://hyscore.io/data-privacy/
IAB Tech Lab,https://www.iab.com/topics/public-policy/
iAGE Engineering,http://iageengineering.net/policy
iBILLBOARD,http://www.ibillboard.com/privacymanagement/
IBM,https://www.ibm.com/customer-engagement/digital-marketing/gdpr
ID-X Ltd.,https://id-x.co.il/WebsitePrivacyNotice
ID5 Technology SAS,https://id5.io/platform-privacy-policy/
Ideal Media US Inc.,https://partner.idealmedia.io/pages/privacy/en/
IFLYTEK (HONG KONG) COMPANY LIMITED,https://growone.sg/static/PrivacyPolicy.pdf
IGAWorks,http://www.igaworks.com/en/rule_user.html
IGNITE MEDIA TECH INC,https://www.ignitemediatech.com/Policy
IgnitionAI,http://www.ignition.ai/privacy-policy
iion Digital Pty Ltd,https://www.iion.io/privacy-policy
IKEA,https://www.ikea.com/se/en/customer-service/privacy-policy/
Illuma Technology,https://weareilluma.com/end-user-policy/
IMAGIN.studio,https://www.imaginstudio.com/privacy-policy
Impact,https://impact.com/privacy-policy/
Impact,https://www.nau.ch/assets/documents/datenschutzrichtlinien.pdf
impact.com,https://app.impact.com/content/displaympserviceagreement.ihtml
IMPACT+,https://www.weareimpactplus.com/privacy-policy
Impactify,https://impactify.io/privacy-policy/
Improve Digital,https://improvedigital.com/platform-privacy-policy
INCUBIQ,https://incubiq.com/privacy
Indeed,https://hrtechprivacy.com/brands/indeed#s8
Index Exchange,http://www.indexexchange.com/privacy/
INFINIA,https://www.infiniamobile.com/politica-de-privacidad/
"Infolinks Media, LLC",https://www.infolinks.com/privacy-policy
INFOnline,https://www.infonline.de/datenschutz/
Informativ Group Corporation,https://informativgroup.com/privacy
Ingenious Technologies,https://www.ingenioustechnologies.com/privacy-policy/
Inmind,https://opinion.com.ua/Default.aspx?p=confidential&l=1
InMobi,https://www.inmobi.com/privacy-policy-for-eea
Innity,https://www.innity.com/privacy-policy.php
Innovid,https://www.flashtalking.com/privacypolicy
Inskin Media,http://www.inskinmedia.com/privacy-policy.html
Inspigroup s.r.o.,https://www.glami.cz/info/privacy/
"Insticator, Inc.",https://www.insticator.com/privacy/
InsurAds Technologies SA.,https://www.insurads.com/privacy.html
Intango Ltd.,https://ouna.ai/privacy/
Integral Ad Science,http://www.integralads.com/privacy-policy
INTEGRALSTREAM LTD,https://integralstream.com/legal/privacy-policy
intelliAd,https://www.intelliad.de/datenschutz
Intent IQ,https://www.intentiq.com/technology-privacy-policy
Interactive Performance Deutschland GmbH,https://interactiveperformance.de/kontakt/datenschutz/
internetstores GmbH,https://www.internetstores.com/en/legal/privacy-policy/
Interpolls,https://www.interpolls.com/privacy
Inteziq LTD ,https://intenze.co/legal/privacy-policy
Intimate Merger,https://corp.intimatemerger.com/privacypolicy-en/
Invibes,https://www.invibes.com/terms#privacy-policy
INVIDI technologies AB,https://www.invidi.com/privacy-policy-ad-tech-services/
IOTEC,https://www.iotecglobal.com/privacy-policy/
IPONWEB,http://www.bidswitch.com/privacy-policy/
iPROM,https://iprom.eu/privacy_policy/GDPR
iProspect,https://www.iprospect.com/en/ph/work/
IPSOS MORI UK LTD,https://iris.ipsos.com/site-centric-privacy/
IQM,https://iqm.com/privacy-policy
IQM CORPORATION,https://iqm.com/privacy-policy
IQzone Inc,https://iqzone.com/privacy-policy/
ironSource Mobile,https://developers.ironsrc.com/ironsource-mobile/air/ironsource-mobile-privacy-policy
Isobar Czech Republic,https://www.dentsucreative.com/privacy
Italiaonline,https://www.italiaonline.it/archivio/informativa-privacy/
ividence,https://ividence.com/politique-de-confidentialite/
IVO,https://ivo.io/privacy/
IVS,https://ivs.tv/privacy-policy
JamLoop,https://jamloop.com/opt-out/
Jampp,https://www.jampp.com/privacy-policy-terms-and-conditions
Jetpack,https://www.jetpack.net/privacy
Jivox,http://www.jivox.com/privacy/
JMMOBI INC,https://www.jmmobi.com/privacy.html
Jobster AdTech B.V.,https://jobster.com/en/privacy-policy/
John Lewis & Partners,https://www.johnlewis.com/customer-services/shopping-with-us/privacy-notice
Journey by CAKE,http://getcake.com/privacy-policy/#rights
Joystick Interactive,http://joystickinteractive.com/privacy.html
jsdelivr,https://www.jsdelivr.com/terms/privacy-policy-jsdelivr-net
"Jun Group Productions, LLC",https://jungroup.com/privacy-policy
Justpremium,https://justpremium.com/terms-conditions/?section=privacy_policy
Justtag Nordics Oy,https://audiencefinder.justtag.com/privacy
Justtag Sp. z o.o.,https://justtag.com/en/polityka-prywatnosci
JustWatch,https://www.justwatch.com/uk/imprint
JW Player,https://www.jwplayer.com/privacy/
JYSK LINNEN'N FURNITURE OÜ,https://www.jysk.ee/privacy_policy
K-Words,https://www.k-words.io/privacy-policy/
Kadam,https://www.kadam.net/ru/privacy-policy
Kaden,https://kaden.ai/privacy-policy/
Kairos Fire,https://kairosfire.com/privacy-policy/
Kameleoon SAS,https://developers.kameleoon.com/privacy-and-compliance/data-collection-client-side#data-stored-for-all-visitors
Kamino Retail,https://www.kaminoretail.com/privacy-policy
Kantar,https://www.kantar.com/Cookies-Policies
Kargo Global Inc.,https://kargo.com/privacy
Kaufda,https://www.kaufda.de/Datenschutz
KAYAK,https://www.kayak.com/privacy
Kayzen,https://kayzen.io/data-privacy-policy
KC Connekt Media LTD,https://connekt.ai/privacy-policy/
KEEN,https://www.ingenio.com/privacy-policy
Kelkoo,https://www.kelkoo.fr/info-societe/politique-confidentialite
KeyCDN,https://www.keycdn.com/gdpr
Kidoz,https://kidoz.net/gdpr/
Kimia Group,https://kimiagroup.com/privacy-policy.html
Kindred Soul Ltd,https://event.kindred.co/privacy-policy
Kinesso,https://kinesso.com/privacy-center/
Knorex,https://www.knorex.com/privacy
Kobler,https://kobler.no/privacy-policy
Kochava,https://www.kochava.com/support-privacy/
Koinos Media,https://koinos.media/privacy-policy/
KÖNIGSTEINER digital GmbH,https://koenigsteiner.digital/en/datenschutz/
Koninklijke Philips N.V.,https://www.philips.com/a-w/privacy-notice.html#triggername=info_how_we_protect_data
Konodrac S.L.,https://konodrac.com/privacy-policy/
KPI Solutions,https://www.adv.admeme.net/en/privacy/optout.html
Krush Media LLC,https://krushmedia.com/privacy-policy/
Kuantyx Media Limited,https://kuantyx.com/privacy-policy
Kubico,https://kubico.com/privacy-policy/
Kubient,https://kubient.com/privacy-policy/
Kueez Entertainment Ltd.,https://weare.kueez.com/legal-center/privacy-policy
Kupona,https://www.kupona.de/datenschutz
Kwanko,http://www.kwanko.com/gdpr
Kwanza DSP,https://kwanza.co.tz/gdpr-compliance
Kwanzoo,https://www.kwanzoo.com/gdpr
Lacuna,https://lacunads.ushareit.com/policy.html
LANDS' END,https://www.landsend.com/customer-service/legal-policies/privacy/
lead alliance GmbH,https://www.lead-alliance.net/dataprotection
LeadBolt,https://www.leadbolt.com/privacy
LeadsRx,https://leadsrx.com/gdpr
Leanr Ads Ltd,https://www.leanrads.com/privacy-policy.html
Lemma Media Inc,https://lemmamedia.com/privacy-policy/
LendGo & Innovative Metrics,https://innovativeadserver.com/privacy
LendingTree,https://www.lendingtree.com/legal/privacy-policy
Lentainform,https://partner.lentainform.com/privacy-policy/
LetThereBeAds / Performax,https://www.performax.cz/en/privacy-policy
"LIDL SUPERMERCADOS, S.A.U.",https://www.lidl.es/es/politica-de-privacidad/s797
Lifesight,https://lifesight.io/privacy-policy/
LifeStreet,http://www.lifestreet.com/privacy
LIFT DSP LIMITED,https://www.lift.win/privacy-policy
Liftoff,https://liftoff.io/privacy-policy/
Ligatus,https://www.ligatus.com/en/privacy-policy
LIMPID TECHNOLOGIES PTE LTD,https://limpid.tv/wp-content/uploads/2026/03/Limpid-Privacy-Policy.pdf
LINE,https://terms.line.me/line_rules
LINK Institut,http://www.link.ch/privacy
LinkedIn,https://www.linkedin.com/legal/privacy-policy
LiquidM,https://liquidm.com/privacy-policy/
ListenLoop,https://listenloop.com/user-consent-policy
Listonic Sp. z o.o.,https://listonic.com/privacy/
Live Data Solutions SL,https://www.livedata-solutions.com/politique-de-confidentialite
LiveIntent,https://liveintent.com/services-privacy-policy/
LivelyImpact,https://www.livelyimpact.com/privacy-polilcy-data-regulation/
LivePartners,https://www.livepartners.com/confidentiality.html
LiveRamp,https://liveramp.com/service-privacy-policy/
Livewrapped,https://console.livewrapped.com/documents/Livewrapped-PrivacyPolicy.pdf
LKQD,https://www.nexstardigital.com/privacy/
"LLC ""NEXINSIGHT""",https://nexinsight.com.ua/privacy-policy/
LnData,https://lndata.com/policy
Loblaw Media,https://www.loblaw.ca/en/privacy-policy/
Localsensor,https://www.localsensor.com/privacy.html
Localstars,https://www.localstars.com/localstars-privacy-policy
Location Sciences,https://www.locationsciences.ai/privacy-policy/
Logiq Digital,https://swan.paris/politique-de-confidentialite/
Logiq Digital Marketing,https://rebelai.com/gdpr
LOKA Research,https://loka.co.jp/privacypolicy
Loop Now Technologies Inc.,https://firework.com/legal/privacypolicy/
Loopa,http://www.signifimedia.com.au/home/privacy
LoopMe,https://legal.loopme.com/privacy-center
Lotame,https://www.lotame.com/about-lotame/privacy/
LotLinx®,https://lotlinx.com/wp-content/uploads/LotLinx-Privacy-Statement.pdf
LoudEcho,https://www.loudecho.ai/privacy.html
Louder,http://louder.com.au/privacy/
Low Lag Labs,https://lowlaglabs.com/privacy-policy
Lucid,https://luc.id/gdpr
Lucidity,https://golucidity.com/privacy-policy/
Lugh Studio,https://www.lugh.studio/privacy-policy/
Luna Media Group,https://lunamedia.io/privacy-policy/
Lupon Media,https://luponmedia.com/privacy-policy
"M,P,NEWMEDIA,",https://www.mp-newmedia.com/datenschutz
M32 Connect Inc,https://m32connect.com/privacy-consent-management/privacy-cookie-policy/
Machine Advertising,https://f.hubspotusercontent40.net/hubfs/5138747/Website_Assets/Policies/Privacy_Policy.pdf?hsLang=en
Macromill group,https://www.metrixlab.com/privacy-statement/
MADGIC,https://www.madgic.com/privacy-and-protection-policy/
MADINAD,https://madinad.com/privacy-policy/
Madington,https://delivered-by-madington.com/dat-privacy-policy/
"Madison Logic, Inc.",https://www.madisonlogic.com/privacy/
Madopi Media,https://madopi.com/wp-content/uploads/2022/05/PrivacyPolicy.pdf
MADOPI OÜ,https://madopi.com/wp-content/uploads/2026/03/Madopi-Privacy-Policy-March-26-1.pdf
MADVERTISE MEDIA,https://developers.bluestack.app/privacy-policy
Maelico LTD,https://hyperaudience.com/privacy_policy
Magma Technologies,https://magma-ads.com/privacy-policy
Magnite,https://www.magnite.com/legal/advertising-platform-privacy-policy/
"Magnite, Inc. (Carbon AI Limited)",https://www.magnite.com/legal/advertising-technology-privacy-policy/
Mail.ru,https://help.mail.ru/mail-help/UA
MainADV,http://www.mainad.com/privacy-policy
Malaberg Ltd,https://madisondsp.com/privacy-policy/
Manage.com,https://www.manage.com/privacy-policy/
MANGOX PTE. LTD.,https://mangox.io/privacy/privacy-policy.html
"Marfeel Solutions, SL (Compass)",https://community.marfeel.com/t/marfeel-saas-privacy-policy/7500
MARKAPP MEDIA LTD,https://markappmedia.site/privacy-policy/
"Market Points, Inc.",http://www.marketpointsinc.com/privacy.html
MarketCast LLC,https://marketcast.com/privacy-policy/
"Marketing Science Consulting Group, Inc.",http://mktsci.com/privacy_policy.htm
"Marketing Science Consulting Group, lnc. ",https://fouanalytics.com/privacy
Marketing Town,https://m-t.io/privacy
MARKETPERF CORP,https://www.marketperf.com/assets/images/app/marketperf/pdf/privacy-policy.pdf
Markit,https://www.markitdigital.com/products/ads/privacy-policy/
Mars Media Group,https://mars.media/privacy-policy
Mashero,http://www.mashero.com/en/privacy-protection
Matto-Group AG,https://www.matto-group.com/datenschutz-en
Maverick,https://www.mvrck.co.jp/privacy/about-targeting-ad/
MaxCDN,https://www.stackpath.com/legal/privacy-statement/
Maxetise AB,https://maxetise.net/privacy-policy.html
Maytrics,https://www.maytrics.com/privacy.php
"Media First Network, Inc.",https://a3synq.com/privacy-data-governance/#privacy-policy
Media Force,https://mediaforce.com/privacy.php
Media Hafen GmbH,https://mediahafen.com/privacy-policy
Media Lab Limited,http://www.medialab.group/index.html#privacycenter
Media Lgns Loganglobal SLU,https://logan.ai/
Media-Micro-Census GmbH,https://www.agma-mmc.de/datenschutz
Media.net,https://www.media.net/en/privacy-policy
Media16 ltd,https://media16.tv/privacy-policy/
MediaGo,https://www.mediago.io/policy/
Mediahead,https://www.mediahead.com/privacy-policy
mediaintelligence,https://mediaintelligence.de/privacy-policyeng.do
Medialabs,https://medialabs.es/privacy-policy
MediaMath,http://www.mediamath.com/privacy-policy/
MEDIAMETRIE,https://www.mediametrie.fr/en/management-cookies
MEDIAN,https://www.median.eu/en/?page_id=257/
MediaPal,https://www.mediapal.net/gdpr
Mediarithmics,https://www.mediarithmics.com/en/data-privacy.html
Mediarithmics Connect,https://www.mediarithmics.io/legal/data-policy-connect-id
mediasmart,https://mediasmart.io/privacy/
MEDIAVERSE.AI LTD,https://mediaverse.ai/privacy-policy
"Mediavine, Inc.",https://www.mediavine.com/privacy-policy
MediaWallah,http://mediawallah.com/privacy-policy/
MEDIAWAYSS Sp. z o.o.,https://vidverto.io/privacy-policy/
Melvad,https://melvad.com/policy
Membrana Europe B.V.,https://en.membrana.media/legal/privacy-policy-iab-tcf-vendor
Memob Plus FZ LLC,https://memob.com/privacy-policy/
Mercado Livre,https://www.mercadolibre.com.ar/privacidad/resumen
Meris,https://dbshaper.com/privacy-policy/
Merkury,https://www.merkle.com/getting-know-your-privacy-rights/privacy-notice
Meta,https://www.facebook.com/about/privacy/update
MetaAds,https://metaads.io/user-privacy-policy/
Metalyzer,https://metapeople.com/datenschutz/
METAX SOFTWARE PTE.LTD.,https://metaxsoft.com/privacy-policy/
Metrike,https://metrike.com/index.php/privacy-policy/
mFilterIt,https://www.mfilterit.com/privacy-policy/
MG-Comm,https://www.mg-comm.com/privacy-policy/
MGID Inc.,https://www.mgid.com/privacy-policy
MHU,http://adprov.io/privacy-policy/
MI DSP,http://whiteboxdigital.ru/policy.pdf
Miaozhen Systems,https://www.miaozhen.com/cn/privacy
MicroAd,https://www.microad.co.jp/privacy/
Microsoft,https://privacy.microsoft.com/en-us/privacystatement
Milanoo,https://www.milanoo.com/help/index-id-1459-childcat-2043.html
Millemedia,https://www.millemedia.de/datenschutz/
Mindearth SRL,https://mindearth.ai/privacy/
Mindlytix SAS,https://mindlytix.com/privacy/
MindTake Research,https://www.mindtake.com/en/reppublika-privacy-policy
MiQ,https://www.wearemiq.com/privacy-and-compliance
Mirando GmbH & Co KG,https://get.mirando.de/download/gdpr.php
MISSENA,https://missena.com/privacy
Mistplay Inc.,https://www.mistplay.com/legal/privacy
Mixmarket Affiliate Network,http://mixmarket.biz/confidential/
Mixpo,http://www.netsertive.com/privacy-policy/
Mlion Ads LTD,https://mlion.io/privacy
MMG,https://themoneydaily.com/privacy-policy/
Mobfox,https://www.mobfox.com/mobfox-legal
Mobian,https://themobian.com/privacy/
Mobidriven,https://greengreyholding.com/privacypolicy
mobilcom-debitel,https://www.mobilcom-debitel.de/legal/datenschutz/
Mobile Innovations,http://paypersale.ru/index/optout
"Mobilewalla, Inc.",https://www.mobilewalla.com/business-services-privacy-notice-2023
Mobility-Ads GmbH,https://mobility-ads.de/datenschutz/
Mobinner,https://mobinner.com/end-user-privacy-policy.html
Mobitech LTD,https://mobitech.io/privacy.html
Mobitrans,http://www.mobitrans.net/privacy-policy/
Mobkoi,https://www.mobkoi.com/advertising-platform-privacy-policy
MOBSUCCESS,https://www.mobsuccess.com/en/privacy
MobUpps International LTD,https://mobupps.com/pdf/Mobupps_Privacy_policy.pdf
Mobusi,https://www.mobusi.com/privacy.en.html
Mobvista/Mintegral,https://www.mintegral.com/en/privacy
modellbau universe GbR,https://www.modellbau-universe.de/datenschutz.htm
ModiFace,https://modiface.com/legal/privacy.htm
Moloco Ads,https://www.moloco.com/advertising-policy
MoMAGIC,https://www.momagic.com/index.php/privacy-policy/
Momentum,https://www.m0mentum.co.jp/privacy
Monet Engine Inc.,https://adaptmx.com/privacy-policy/
Monetrix Inc,https://www.monetrix.ai/policy
"MoPub (a division of Twitter, Inc.)",https://www.mopub.com/en/gdpr
Motorik spolka z ograniczona odpowiedzialnoscia,https://motorik.io/privacy-policy.html
Movable Ink,https://movableink.com/legal/privacy
Mozoo,https://www.mozoo.com/privacy-policy
MSI-ACI,https://site.msi-aci.com/Home/Privacy
MT-TECHNOLOGIES LLC,https://static.wi-fi.ru/docs/offers/offer_portal.pdf
MULTIBRAIN INC.,https://www.multibrain.tech/privacy
myCast TV,https://www.my-cast.tv/privacy-policy
MYGARU UKR,https://mygaru.com/privacy-policy
MyTraffic,https://www.mytraffic.io/en/privacy
N.Rich Technologies Inc.,https://nrich.io/privacy-notice
N2,https://n2campaigns.fi/privacy-policy/
Nano Interactive,https://www.nanointeractive.com/resources/legal/privacy-policy/
Natív Hirdetés Korlátolt Felelősségű Társaság,https://related.hu/en/privacy-policy
Native Touch,https://nativetouch.com/privacy-policy/
NativeAds.com,https://nativeads.com/privacy-policy.php
nativeMsg,https://nativemsg.com/platform-privacy-policy/
Nativery Srl,https://www.nativery.com/privacy-en/?
"Nativo, Inc.",https://www.nativo.com/privacy-policy
Navegg,https://www.navegg.com/en/privacy-policy/
"NC Audience Exchange, LLC ",https://www.ncaudienceexchange.com/privacy/
NDS Sales Inc,https://nextmillennium.io/privacy-policy/
Nefta Holdings,https://platform.nefta.io/privacy
Neodata Group,https://www.neodatagroup.com/en/security-policy
Neoleads LTDA,https://pulsedsp.com/privacy.html
NEORY GmbH,https://www.neory.com/privacy.html
Net Info,https://www.netinfocompany.bg/privacy.php
NETBET,https://affiliates.netbet.gr/en/terms-conditions.html
Netflix,https://help.netflix.com/legal/privacy
Netquest,https://www.nicequest.com/us/privacy
Netscore,http://netscore.pl/polityka-prywatnosci/
NetSuccess,https://www.inres.sk/optout/index_sk.html
NeuBids (Lutkan BV),https://www.lutkan.com/privacy-notice.html
Neural.ONE,https://web.neural.one/privacy-policy/
Neustar,https://www.transunion.com/privacy/neustar
Newsroom AI,https://studio.nws.ai/terms
NEXD,https://nexd.com/privacy-policy/
Next,https://www.next.co.uk/privacy
Next Level – Affiliate Marketing,https://nextlevel.sl/datenschutz/
Next Media,https://get.next14.com/docs/platform_privacy_policy_SIGNALS_it.html
NEXT MEDIA SOLUTIONS,https://www.rmcbfm-ads.com/donnees-personnelles.html
Next Millennium Media INC,https://nextmillennium.io/privacy-policy/
"NextRoll, Inc.",https://www.nextroll.com/privacy
Nexus Soft,https://www.nexus-soft.org/index/privacy
Nexx360,https://nexx360.io/en/privacy-policy-and-cookies/
NHNACE,https://nhnace.com/privacy-policy
Nielsen,https://www.nielsen.com/us/en/legal/privacy-statement/digital-measurement/
Nimbus,http://www.adsbynimbus.com/privacy-policy
Nimbus Advertising Solutions Inc.,https://www.adsbynimbus.com/privacy-policy
NinaData Oy,https://ninadata.io/privacy-policy/
NinthDecimal,https://www.ninthdecimal.com/privacy/
Nitrouppi LTD,https://nitrouppi.com/privacy-policy/
Njuice AB,https://squidapp.co/privacy-policy-2/
"NoBid, Inc.",https://www.nobid.io/privacy-policy/
Nodals AI,https://www.nodals.ai/privacy-policy
Nomura,https://www.nomuraholdings.com/policy/privacy.html
Nordic Data Resources AS,https://www.nordicdataresources.com/privacy/products/
Nordisk Film A/S,http://adnordic.eu/privacypolicy.html
Nørgård Mikkelsen A/S,https://www.nmic.dk/privatlivspolitik?hsLang=da-dk
Norstat,https://www.norstatpanel.com/en/privacy-policy
NOVABEYOND LIMITED ,https://www.novabeyond.com/privacy.html
Novatiq limited ,https://novatiq.com/privacy-policy/
Novem,https://www.novem.pl/polityka-prywatnosci
Nowbetnow,https://www.nowbetnow.com/privacy.php
Nowtilus GmbH,https://www.nowtilus.tv/end-users-privacy-policy
numberly,https://numberly.com/en/privacy/
NUROFY AS,https://www.nurofy.no/cookies
Objective Partners,https://www.objectiveplatform.com/privacy-policy-2025
OCM,https://orangeclickmedia.com/privacy-policy
Octillion,https://www.octillion.tech/privacy-policy
Octopads,https://www.octopads.io/mentions-legales.html
Ogury Ltd,https://privacy.ogury.com/
Oktawave,https://www.oktawave.com/pl/firma/informacje-prawne/polityka-prywatnosci
Okube,https://okube-attribution.com/en/privacy-policy/
Olyzon,https://olyzon.notion.site/Privacy-policy-OLYZON-TV-website-1ff2586b2d5f8039b77cc1a16d8bd12f
omg studios ltd,https://monetizego.com/privacy-policy/
Omnicom Media Group,https://omnicommediagroup.com/privacy-notice/
Omnidex Technologies LTD,https://www.omni-dex.io/publisherterms/privacy-policy
OmniVirt,https://www.omnivirt.com/tos/privacy/
On Device Research,https://ondeviceresearch.com/privacyPolicy?__hstc=18682086.bbfc177521fd5d31dab1d0445f7c88e0.1755110295521.1755110295521.1755110295521.1&__hssc=18682086.2.1755110295521&__hsfp=3233162138
OnAudience Ltd,https://www.onaudience.com/internet-advertising-privacy-policy
OnCore Digital Media,https://www.mediafuse.com/privacypolicy/
One Tech Group GmbH,https://onetech.group/datenschutz-plattform/
OneDash,https://onedash.com/privacy-policy.html
OneDigitalAd Technologies,https://www.onedigitalad.com/privacy/privacyPolicy.html
OneFootball GmbH,https://static.onefootball.com/legal/consumer-web-privacy-policy/en
OneLog AG,https://www.oneid.digital/en/privacy-policy/
Onesoon Limited t/a Adalyser,https://adalyser.com/en/terms
OneTag,https://www.onetag.net/privacy/
Onfocus (Adagio),https://adagio.io/legal/advertising-services-privacy-policy
Online Advertising Network Sp. z o.o.,https://oan.pl/internet-advertising-privacy-policy/
Online Media Solutions LTD ,https://onlinemediasolutions.com/privacy-policy/
onlineumfragen.com GmbH,https://www.onlineumfragen.com/3index_2010_agb.cfm
Onnetwork Sp. z o.o.,https://onnetwork.tv/pp_service_en.php?lang=en
OnProspects Ltd,https://www.onprospects.com/privacy-policy
Onseo,http://onseo.biz/index.php/privacy-policy/
Open Web Technologies Ltd,https://www.openweb.com/legal-and-privacy/privacy/
OpenJS Foundation,https://openjsf.org/privacy
OpenLedger ApS,https://hubdsp.com/assets_new/files/privacy_policy.pdf
Opensignal Limited,https://connectivityassistant.com/privacy
OpenSlate,https://www.openslate.com/general-data-protection-regulation-gdpr-compliance-statement/
OpenX Technologies,https://www.openx.com/legal/privacy-policy/
Opera Software Ireland Ltd,https://legal.opera.com/privacy/
OpinionAds,https://opinionads.com/privacy
Opt Out Advertising,https://optoutadvertising.com/privacy-policy/
Opti Digital SAS,https://www.optidigital.com/privacy-policy/
Optima Network SL,https://optimanetwork.com/pages/privacy
Optimise,https://www.optimisemedia.com/privacy-policy
Optimize LCC D.B.A Genius Monkey,https://geniusmonkey.com/privacy/
Optomaton,http://optomaton.com/privacy.html
Oracle Data Cloud,https://www.oracle.com/legal/privacy/marketing-cloud-data-cloud-privacy-policy.html
Orange Advertising,https://www.orangeadvertising.fr/confidentialite-et-cookies/
OSCARO COM,https://www.oscaro.com/fr/info/securite-confidentialite
OTM Worldwide LLC,http://otm-r.com/privacy_policy/
OTTO,https://www.otto.de/shoppages/service/datenschutz
Outbrain Inc.,https://www.outbrain.com/legal/amplify-terms#privacy-policy
OVC GmbH,https://www.kissnofrog.com/legal/privacy
Overstock,https://help.overstock.com/help/s/article/PRIVACY-AND-SECURITY-POLICY
Overwolf ltd.,https://legal.overwolf.com/docs/overwolf/platform/platform-privacy-policy/
Oxford BioChronometrics,https://oxford-biochron.com/privacy-policy/
OXY AGENCY,https://si.salesengineonline.com/privacy
Pacvue Corporation,https://pacvue.com/website-and-cookie-policy/
PadSquad,https://padsquad.com/privacy-policy
Pandora,https://it.pandora.net/it/politica-sui-cookie/cookie-policy.html
Pangle DSP,https://www.pangleglobal.com/privacy
"Panxo Stacks, inc",https://panxo.ai/privacy
Paradox Media Tech,https://paradoxgroup.uk/knowledge-base/privacy-policy/
Parrable,https://parrable.com/privacy-policy/
Parship,https://www.parship.de/privacypolicy/
Partnerize,https://partnerize.com/en/privacy-policy
Pathmatics,https://www.pathmatics.com/privacy#advertising
PayPal Inc. ,https://www.paypal.com/uk/legalhub/paypal/privacy-full
PebblePost,https://www.pebblepost.com/privacy-policy
Peer39,https://www.peer39.com/privacy-policy/
Pelmorex Corp,https://www.theweathernetwork.com/privacy-policy-na
Perfect Audience,https://www.perfectaudience.com/privacy/
"PerformMedia.com, Inc.",https://performmedia.com/privacy-policy/
PERMODO,http://permodo.com/de/privacy.html
Permutive Limited,https://permutive.com/privacy/
Persona.ly,http://persona.ly/privacy_policy
Petal Ads,https://www.aspiegel.com/agreement/scope/huawei/ads/privacy-statement/eu_b0_20240514_6/priweb/privacy-statement.htm
Pexi B.V.,https://pexi.nl/privacy-policy
PGAM Media,https://pgammedia.com/privacy-policy/
Phaistos Networks,https://adman.gr/gdpr
Pi-rate / pubintl,https://pi-rate.com.au/privacy.html
PIA Advertising GmbH,https://pia-advertising.com/privacy-policy/
Piano,https://piano.io/privacy-policy/
PickWell Data Limited,https://www.pickwell.co/privacy-policy
Pinpoll GmbH,https://www.pinpoll.com/pdf/data-protection-declaration.pdf
Pixalate,http://www.pixalate.com/privacypolicy/
Pixels,https://pixels.ai/privacy-policy/
PixFuture,https://www.pixfuture.com/data-processing-agreement/
Piximedia,https://piximedia.com/privacy/?lang=en
Placed,https://foursquare.com/legal/privacy
Plan.Net Performance,https://www.plan-net.com/en/privacy-policy.html
Platform161,https://platform161.com/cookie-and-privacy-policy/
PlatformOne,https://www.platform-one.co.jp/policy/privacy
Playable ApS,https://playable.com/privacy-policy-for-playable-aps/
Playable Factory,https://playablefactory.com/privacy-policy/
Playdigo Inc,https://playdigo.com/privacy
PLAYGROUND XYZ,https://playground.xyz/privacy/privacy-policy.pdf
PLAYSTREAM MEDIA,https://playstream.media/gdpr_policy.html
Playwire LLC,https://www.playwire.com/privacy-policy
Plobyte LLC,https://plobyte.com/privacy-notice
PML innovative media,https://www.pmlatam.com/privacy-policy
"Podible, Inc (Podscribe)",http://podscribe.com/privacy
Polar,https://privacy.polar.me/
Polldaddy,https://automattic.com/privacy/
Pontiac Intelligence LLC,https://pontiac.media/privacy-policy
Porsche AG,https://brand.porsche.com/d/aXCSDnXaTiSY/data-privacy?#/-/privacy-policy
Position2,https://www.position2.com/privacy-policy/
POWSTER,https://nearestshowtimes.s-prod.pow.io/privacy
Prado Media Ltd.,https://www.prado.co/privacy
Precisify.,https://www.precisify.com/brand-safety-privacy
Preciso,https://preciso.net/privacy/
Pressboard Media Inc,https://www.pressboardmedia.com/privacy-policy
Primis,https://www.primis.tech/privacy-policy/
Prism Partner,https://www.prismpartner.co.jp/privacy/
Prisma Media,https://www.prismamedia.com/espace-confidentialite/
ProData Media,https://www.prodatamg.com/privacy-policy/
"Prodege, LLC.",https://www.prodege.com/privacy-policy-intl/
Programmatic Ecosystem LLC,http://mediasniper.ru/confidency.php
ProgrammaticX LTD,https://www.programmaticx.ai/privacypolicy
Project Agora Ltd.,https://projectagora.com/privacy-policy/project-agora-platform/
ProSiebenSat.1 Digital Data GmbH,https://www.7pass.de/psdd/datenschutzbestimmungen-cdb.html
Protected Media,http://www.protected.media/privacy-policy/
Proxistore,https://www.proxistore.com/en/privacy/
Pubfinity LLC,https://pubfinity.com/privacy-policy/
Publica LLC,https://getpublica.com/privacy/
Publica4 AG,https://www.publica4.com/datenschutzerklaerung-2025/
Publicis Media,https://www.publicismedia.de/datenschutz/
Publicis One Spain S.L.,https://eris.id/politica-de-privacidad/
Publicit Global S.L.U,https://publicit.com/privacy
"Publisher First, Inc.",https://freestar.com/privacy-policy/
publuence GmbH,https://publuence.com/datenschutz/
PubMatic,https://pubmatic.com/legal/privacy-policy/
Pubstack,https://www.pubstack.io/privacy
Pubx AI LTD,https://pubx.ai/privacy/
PULSEBRIDGE PTE. LTD.,https://pulse-bridge.org/privacy-center
PulsePoint,https://www.pulsepoint.com/legal/gdpr
Pure Cobalt,https://www.purecobalt.com/policy/
Purple Patch,https://purplepatch.online/privacy-policy
PWR GLOBAL MEDIA,https://pwr-games.com/privacy/
Qantas,http://www.qantas.com/au/en/support/privacy-and-security.html#our-contact-details
Qriously Inc,https://www.brandwatch.com/legal/qriously-privacy-notice/
Quality Media Network GmbH,https://www.qualitymedianetwork.de/datenschutz/
Qualtrics,https://www.qualtrics.com/uk/platform/gdpr/
Quantcast,https://www.quantcast.com/privacy/
Quantyoo GmbH & Co. KG,https://quantyoo.de/datenschutz
QUARTER MEDIA GmbH,https://quartermedia.de/daten/
QuarticON,https://quarticon.com/en/privacy-policy/
Query Click Limited,https://queryclick.com/privacy-policy/
Questpass Sp. z o.o.,https://questpass.io/en/terms/privacy-policy/
Quiet Media,http://qt.media/opt-out
Qwarry,https://www.qwarry.com/en/privacy-policy
QWARRY,https://qwarry.com/privacy-policy/
R.O.EYE Limited,https://www.roeye.com/privacy
R2B2 a.s.,https://r2b2.cz/zpracovani-osobnich-udaju
RAAS LAB,https://www.raaslab.com/privacy-policy
Rackspace,https://www.rackspace.com/information/legal/privacycenter
Radio Marketing Service interactive GmbH,https://rms.de/datenschutz
Radio Net Media Limited,https://www.adtonos.com/privacy-policy/
RAI PUBBLICITA' SPA,https://www.raipubblicita.it/cookie-policy-attivita-pubblicitaria-digital/
Rakuten Marketing,https://rakutenadvertising.com/legal-notices/services-privacy-policy/
RAM,http://www.rampanel.com/ram_privacy_policy.html
Rambla,https://www.rambla.be/privacy-policy/
Raptor Services,https://www.raptorservices.com/privacy-policy/
Reactive,http://reactive-agency.ru/privacy.html
Read Peak,https://www.readpeak.com/terms/readpeak-privacy-policy
Realytics,https://blog.realytics.io/en/gdpr-and-how-realytics-is-getting-ready
Realzeit,https://realzeit.io/privacy.html
Reas Travel Group,https://www.tjingo.nl/privacy-beleid
Recod3 s.r.l.,https://api.recod3suite.com/privacypolicy.php
Recreativ,https://recreativ.com/policy
Recruit JP,https://www.r-ad.ne.jp/optout/
Redmob Digital - FZCO,https://redmob.io/privacy-policy
REES46,https://docs.rees46.com/display/en/Legal
Refine Direct Srl,https://www.refine.direct/en/cookie-policy/
Refinery89 B.V,https://refinery89.com/privacy-policy/
Relay42,https://relay42.com/privacy
Relevant Digital Oy,https://www.relevant-digital.com/privacy-policy
Reliz Ad Platform,https://reliz.com/policy
"Rembrand, Inc.",https://rembrandmedia.com/privacy
Remerge,https://www.remerge.io/service-privacy-policy
Reppublika Data Analytics and Technologies GmbH,https://www.reppublika.com/privacy-policy
Reset Digital Europe Ltd,https://www.resetdigital.co/pdf/RD_Privacy_Policy_Revisions.pdf
Resolution Media,https://www.nonstoppartner.net
Resonate,https://www.resonate.com/privacy-policy/
Resono B.V.,https://reso.no/privacy-policy/
ResponsiveAds,https://responsiveads.com/privacy-policy/
ResSOLUTION Group,https://www.ressolution.cz/page/privacy
Retail Rocket LLC,https://retailrocket.ru/privacy-policy
retailAds GmbH & Co. KG,https://www.retailads.net/de-de/ueberuns/datenschutz/
Retailor Media S.r.l.,https://www.retailor.media/privacy-policy
Retargetly,https://retargetly.com/privacy-policy/
RETENCY,https://www.retency.com/stats/
RETICLE DIGITAL PTE. LTD.,https://reticle.info/legal/privacy.html
Revcontent,https://help.revcontent.com/en/knowledge/revcontent-privacy-policy
RevenueMantra,http://www.revenuemantra.com/privacy.html
RevJet,https://www.revjet.com/privacy
Rhebus Inc.,https://rhebus.works/privacy-policy/
Rich Audience,http://www.richmediastudio.com/privacy_policy/
RIESENIA.com,https://www.adboost.sk/gdpr.html
Ringier AG,https://app.alloyads.ai/privacy-policy
Ringier Axel Springer Polska sp. z o.o.,https://privacy-policy.ringieraxelspringer.pl
Rippll Ltd,http://www.rippll.com/privacy
RM DIGITAL ADS LTDA,https://www.rmads.io/privacy-policy
RobustApps Ltd,https://robust-apps.com/privacy-policy
Rockerbox,https://www.rockerbox.com/privacy-shield
Roivenue,https://roivenue.com/dataprocessingagreement/
Roku Advertising Services,https://docs.roku.com/published/userprivacypolicy/en/gb
ROMIR,http://ssp.rmh.ru/files/privacy_policy_eng.pdf
Rontar,https://www.rontar.com/privacy
Roq.ad,https://www.roq.ad/privacy-policy
Roy Morgan Research,http://www.roymorgan.com/digital-privacy
RTB House,https://www.rtbhouse.com/privacy-center/services-privacy-policy/
Sabio London Limited,https://www.sabioctv.com/privacypolicy
"Sabio, Inc",https://www.sabio.inc/privacypolicy
Sahar Media FZE,https://saharmedia.net/privacy-policy
Salesforce DMP,https://www.salesforce.com/company/privacy/
Samba TV,https://samba.com/privacy-center/privacy-policy
"Samba TV, Inc.",https://samba.tv/users/privacy-policy?lang=en
Samhub AB,https://samhub.io/privacy-center/privacy-policy/
Samoukale Enterprises Limited dba ADEX,https://adex.com/privacy
Sape,https://traffic.sape.ru/policy.html
Sarigato Sp. z o.o.,https://www.sarigato.com/polityka_prywatnosci_sarigato_sataku.pdf
Satori Ads,https://satoriads.com/privacy-policy.html
ScaleMonk,https://www.scalemonk.com/privacy-policy/index.html
Scenestealer,https://scenestealer.tv/terms.html
SCIBIDS TECHNOLOGY,https://scibids.com/privacy-policy
Scigineer,https://www.scigineer.co.jp/privacy/
Scoota,https://www.scoota.com/privacy
Score Media Group GmbH & Co. KG,https://score-media.de/datenschutzerklaerung/
Screencore Sp. z.o.o,https://screencore.io/privacy-policy
Seedtag,https://www.seedtag.com/cookies-policy/
Seenthis,https://seenthis.co/privacypolicy/
SelectMedia International LTD,https://www.selectmedia.asia/terms-and-privacy/
Sellpoints,https://retargeter.com/legal-privacy/
Semasio GmbH,https://www.semasio.com/privacy
Serafino Pte. Ltd.,https://www.adsurge.com/privacy/privacypolicy.html
Seven Technologies S.L.,https://www.se7en.es/privacy
SevenData S.p.a.,https://www.shinystat.com/it/informativa_privacy_generale.html
Sevio Digital Limited,https://sevio.com/privacy-policy/
"Seznam.cz, a.s.",https://www.seznam.cz/ochranaudaju
SFR,http://www.sfr.fr/securite-confidentialite.html
"Shanon, Inc.",https://www.shanon.co.jp/security/
"ShareThis, Inc",https://sharethis.com/privacy/
"Sharethrough, Inc.",https://www.sharethrough.com/privacy-center/consumer-privacy-notice
"SheMedia, LLC",https://www.shemedia.com/ad-services-privacy-policy
Shopfully GmbH,https://shopfully.com/privacy-policy/
ShowHeroes,https://showheroes.atlassian.net/wiki/spaces/GDPR/pages/1702265742/
ShowHeroes SRL,https://showheroes.com/privacy-policy/
"Shutterstock, Inc.",https://www.shutterstock.com/privacy
Sift Media,https://www.sift.co/privacy
Signal,https://www.signal.co/privacy-policy/
Silver Egg Technology,https://www.silveregg.co.jp/hotview-gdpr
Silverbullet Data Services Group,https://wearesilverbullet.com/privacy-policy/
SilverMob,https://silvermob.com/privacy
Silverpush,https://silverpush.co/privacy-policy
Simpli.fi,https://simpli.fi/simpli-fi-services-privacy-policy/
SINGLESPOT SAS ,https://www.singlespot.com/privacy_policy
Singular Labs Inc.,https://www.singular.net/privacy-policy/
Sipo Inc,https://sipo-inc.com/privacy-policy/
Sirdata,https://www.sirdata.com/en/Privacy
Situation Publishing Ltd,https://www.theregister.com/Profile/privacy/
Sixide,https://sixide.com/sites/default/files/doc/SIXIDE-PP.pdf
Sizmek,https://www.sizmek.com/privacy-policy/
Skaze,https://www.skaze.com/fr/politique/politique-de-confidentialite/
"Sketchfab, Inc.",https://sketchfab.com/privacy
Skimbit Ltd,https://skimlinks.com/privacy-policies/
Skoiy,https://www.skoiy.com/en/privacy-policy/
"Skypiea Tech Co.,Limited",https://www.ad-piece.com/gdpr/index.html?p=111
Smaato,https://www.smaato.com/privacy/
Smadex,https://smadex.com/privacy-policy/
Smart Analytics SL,https://www.smartmeanalytics.com/static/docs/Politica_privacidad_Smartmeanalytics.pdf
Smart Media4U Technology Pte Ltd,https://drive.google.com/file/d/1pUH8JvPgi0TbqY1-3eTWh64K3M1vuzpe/view?usp=sharing
Smart.bid ltd,https://www.smart.bid/privacy
SmartBid.ai LLC,https://smartbid.ai/privacy-policy/
smartclip Europe GmbH,http://privacy-portal.smartclip.net
Smartclip Hispania S.L.,https://rgpd-smartclip.com/
SmartFrame Technologies Limited,https://smartframe.io/privacy-policy/
Smartico,https://www.smartico.one/legal/privacy-services
Smartly.io Solutions Oy,https://smartly.io/privacypolicy
Smartology,https://www.smartology.net/privacy-policy/
SMARTSTREAM,https://www.smartstream.tv/de/datenschutz
SmartyAds,https://smartyads.com/privacy-policy
Smartzer,https://www.smartzer.com/privacy-policy
Smile Wanted,https://www.smilewanted.com/privacy.php
SMN Corporation,http://www.so-netmedia.jp/cookie/index.html
Smoot technologies SL,https://www.smoot.ai/privacy
Snap Inc.,https://www.snap.com/en-US/privacy/privacy-policy/
Snapupp Technologies SL,https://www.enterprise.noddus.com/privacy-policy
Snigel Web Services Limited,https://www.snigel.com/privacy-policy
Snitcher.com,https://www.snitcher.com/privacy-policy
socoto gmbh & co. kg,https://www.socoto.com/datenschutz/
SOD ScreenOnDemand GmbH,https://screenondemand.de/datenschutz-sod-produkte/
Softcrylic,https://softcrylic.com/privacy-policy/
Softcube,http://softcube.com/privacy-policy
Sojern,https://www.sojern.com/privacy/product-privacy-policy/
Solocal,https://client.adhslx.com/privacy.html
Soluciones Netquest de Investigación SLU,https://www.nicequest.com/gb/privacy
Solution Coupons,https://ads.solution.coupons/privacy
Somo Audience,https://somoaudience.com/legal/
Somplo,http://somplo.com/privacy-policy/
SOMQUERY SOMTAG - (SevenOne Media),https://www.seven.one/datenschutzhinweise/somquery-somtag
Sonares GmbH,https://sonares.org/en/datenschutz/
Sonic Odeeo ltd,https://odeeo.io/privacy-policy/
"Sonobi, Inc",https://sonobi.com/privacy-policy
SoundCast,https://soundcast.io/data-privacy/
"SoundStack, Inc",https://soundstack.com/privacy/
SourceKnowledge,http://www.sourceknowledge.com/privacy
Sovrn,https://www.sovrn.com/privacy-policy/privacy-policy
SPACE ADSERVER,https://adx.space/policy.html
SparkV International Inc,https://rtbwise.com/privacy-policy.html
Sparteo,https://sparteo.com/privacy-policy/
Spicy Mobile,https://spicymobile.pl/polityka-prywatnosci
SpiderAF,https://spideraf.com/privacy
SpinX Pte Ltd,https://spinx.io/privacy-policy
Spirable,https://www.spirable.com/privacy-policy
Splash&Roll sp. z o.o.,https://splashandroll.com/privacy-policy/
Splicky,https://www.splicky.com/de/web/privacy
Spoods GmbH,https://www.spoods.info/#cookie-policy
Sportority (Minute Media),https://www.minutemedia.com/policies/privacy-policy
Sportradar,https://www.sportradar.com/about-us/privacy/
Spotad,http://www.spotad.co/privacy-policy/
Spotible,https://www.spotible.com/privacy.php
Spring Venture Group,http://www.springventuregroup.com/privacy-policy/
SpringServe,https://springserve.com/consumer-privacy
SQREEM TECHNOLOGIES PRIVATE LIMITED,https://sqreemtech.com/privacy/
Squeezely,https://squeezely.tech/privacy
SSMas,https://ssmas.com/privacy-policy
StackAdapt,https://www.stackadapt.com/privacy
Stailamedia,https://www.stailamedia.com/privacypolicy/
Stamp,https://wearestamp.com/privacy
Start.io Inc,https://www.start.io/policy/privacy-policy-site/
StartApp,https://www.startapp.com/policy/privacy-policy/
STG GLOBAL TECH SOLUTIONS LIMITED,https://globadtech.com/policy.html
Stratio Big Data,https://www.mutua.es/politica-cookies/
Stream,https://stream.ru/private
Stream Eye,https://app.streameye.com/policy/net
streaMonkey GmbH,https://www.streamonkey.de/de/datenschutz
StreamRail,https://www.ironsrc.com/wp-content/uploads/2016/11/ironSourceDisplayPrivacyPolicy.pdf
StreamShop Technologies,https://www.streamshop.com.br/politica-de-privacidade
Ströer Media Solutions GmbH,https://www.stroeer.de/werben-mit-stroeer/onlinewerbung/programmatic-data/datenschutz-sdi/
STRÖER SSP GmbH,https://www.stroeer.de/datenschutz/
Strossle International AB,https://www.strossle.com/platform-privacy-notice
Sub2 Technologies,https://www.sub2tech.com/privacy-policy/
Sublime Skinz,http://sublimeskinz.com/Creative-Agency-CDN-Privacy-en/
SUITE 66,http://www.suite66.com/privacy-policy/
SunMedia,https://legal.sunmedia.tv/privacy-policy/es/
SUNT Content,https://www.suntcontent.com/privacy/
SuperAwesome,https://www.superawesome.com/privacy-hub/awesomeads-privacy-policy/
Superedge Inc,https://superedge.co.jp/privacypolicy/
Supership,https://supership.jp/optout/
SW Research,https://swpanel.pl/klauzula-informacyjna
Swaven,http://www.swaven.com/cookie-policy/
Swipefinder AB,https://www.swipefinder.com/privacy-policy-website
SWYM Enterprises Inc.,https://swym.ai/privacy-policy/
"Syn Technologies, LLC",https://advertising.com/privacy-policy/
Synamedia,https://www.synamedia.com/privacy-policy/
SyncMint BV,https://www.syncmint.ai/privacy-policy
Synkd,https://synkd.life/GDPR.html
"Syno International, UAB",https://www.synoint.com/privacy-policy/
Systemina,https://www.systemina.dk/persondatapolitik
t2ó,https://www.t2o.com/en/privacy-policy/
TabMo,https://improvedigital.com/platform-privacy-policy
Taboola,https://policies.taboola.com/privacy-policy/
TACTIC™ Real-Time Marketing,http://tacticrealtime.com/privacy/
Tagoras Ltd,https://tagoras.io/privacy
Tagtoo,https://www.tagtoo.com.tw/privacy_en.html
Tail,https://www.tail.digital/#privacy
Taiwan Mobile Co Ltd,https://www.ghtinc.com/privacy-policy/
Tangoo,https://www.tangoomedia.com/services_privacypolicy/
Tapad,https://www.tapad.com/global-privacy-notice
tapCLIQ,https://www.tapcliq.com/privacy
Tapjoy,https://www.tapjoy.com/legal/#privacy-policy
Tapklik,https://www.tapklik.com/gdpr
TAPTAP,https://www.taptapdigital.com/privacy-policy
Taptica,https://www.taptica.com/privacy/
Target Better Inc,https://www.targetbetter.com/privacypolicy
Target RTB,http://new-programmatic.com/privacy.htm
targeting360 GmbH,https://targeting360.de/datenschutz/
Targetspot Belgium SPRL,https://www.targetspot.com/privacy-policy-2/
TargetVideo GmbH,https://target-video.com/privacy-policy/
TAURUSX INTERNATIONAL PTE. LTD.,https://taurusx.com/privacy-policy.html
Tchibo GmbH,https://www.tchibo.de/cookies-tracking-re-targeting-s400092901.html
tD-GDN,https://www.touridat.com/datenschutz
Teads,https://teads.tv/privacy-policy/
Teal Digital Group Ltd,https://www.teal.works/privacy/
Tealium,https://tealium.com/protecting-your-privacy-and-your-data/
"TECDO TECHNOLOGY CO., LIMITED",https://www.tec-do.com/upfiles/setting/202604/DV7J50HT96QQ.pdf
Ted Jordan SRL,https://tjrinteractive.io/privacy-policy.html
TEEMO,https://teemo.co/fr/confidentialite/
Telecoming,http://www.telecoming.com/privacy-policy/
Telekom Deutschland GmbH,https://Telekom.de/datenschutzhinweise
TemuDSP,https://www.temu.com/privacy-and-cookie-policy.html
Tenjin,https://tenjin.com/privacy/
TenMax,https://www.tenmax.io/gdpr-privacy-policy
TF1 - FR,https://www.tf1.fr/politique-de-confidentialite/
TH Proximity,https://meteora.co/gdpr-consent/
The Ad Group Inc.,https://theadgroup.com/privacy-statement/
"The Channel Store, S.L.",https://www.thechannelstore.tv/en/politica-de-privacidad
THE LINEA 1 MKT SL,https://www.tl1mkt.com/privacy/
The Media Sense Digital Technologies Ltd dba Adte,https://xroads.b-cdn.net/Leap4-Privacy_Policy.pdf
The Neuron Holdings INC,https://theneuron.com/privacy-policy-2/
THE NEWCO S.R.L.,https://www.thenewco.it/privacy_policy_servizi_prodotti.html
THE NEXUS ENGINE LTD,https://thenexusengine.io/privacy
The Ozone Project Limited,https://www.ozoneproject.com/privacy-matters/gdpr
The Reach Group,https://trg.de/en/privacy-statement/
The Trade Desk,https://www.thetradedesk.com/general/privacy-policy
The Very Group,https://www.very.co.uk/privacy-terms.page
THEADX,https://www.theadx.com/en/privacy
THEBRIGADE FRANCE SAS,https://thankyouanalytics.com/fr/charte-sur-le-respect-de-la-vie-privee/
TheINDUSTRY AG,https://yoc.com/privacy
Thomann GmbH,https://www.thomann.de/de/compinfo_privacy.html
Three Spring Media LTD,https://lightad.com/privacy-policy/
Threedium Ltd,https://threedium.io/privacy
Throtle,https://throtle.io/privacy/
ThumbAd AS,https://www.thumbad.com/privacy-policy
Thunder,https://www.makethunder.com/privacy/
THUNDER MONETIZATION PTE. LTD.,https://thunder-monetize.com/privacy
TimeOne,https://www.timeonegroup.com/privacy-policies/
Tinkoff.ru,https://static.tinkoff.ru/documents/docs/processing-personal-data.pdf
Titan Ads,https://www.titanos.tv/ads-privacy-policy
TMT Digital Inc,https://mediatrust.com/privacy-policy-2/
TOMATO INTERACTIVE LIMITED ,https://bluexad.ai/privacy
Tonefuse,https://cp.tonefuse.com/privacy-policy
TOPON PTE. LTD. ,https://www.toponad.net/en/privacy-policy
TotalJobs Group Ltd,https://www.totaljobs.com/privacy-policy
TOTALMOBRAND S.A.,https://www.mobrand.com/privacy-and-policy
TouchTown Media,https://www.touchtownmedia.de/datenschutz/
TraceAd,http://influenceaudience.com/about/gdpr-privacy-policy-business-partners.html
TRACKADERO,https://trackadero.ai/privacy-policy
Trade House Media,https://tradehouse.media/privacy-policy
Tradedoubler AB,http://www.tradedoubler.com/en/privacy-policy/
Tradelab,http://tradelab.com/en/privacy/
Traffective (ShowHeroes SE),https://www.iubenda.com/privacy-policy/30563919
TrafficGuard,https://www.trafficguard.ai/gdpr/
Trafmag,http://trafmag.com/policy#gdpr
Transfon Ltd,https://www.biddingstack.com/privacy
Transmit.Live,https://www.transmit.live/terms/privacy-policy
travel audience – An Amadeus Company,https://www.amadeus-hospitality.com/privacy-policy/
TravelClick,https://www.travelclick.com/privacy-policy.html
Treepodia,https://www.treepodia.com/En/docroot/Documents/Treepodia_Website_and_Platform_Privacy_Policy.pdf
Trend Research,https://trendfrage.de/?ID=135
Trendesk TV LLC dba BidFuse,http://bidfuse.com/privacy-policy
TreSensa,http://tresensa.com/eu-privacy/index.html
TRFFK powered by autoTRADER.ca,https://www.autosync.ca/privacy-policy
Tri-table Sp. z o.o.,https://tri-table.com/polityka-prywatnosci
Trinity Audio LTD,https://www.trinityaudio.ai/privacy-policy
TRIOD TECH LIMITED,https://bmtcad.com/policies/terms-policies.html
TripAdvisor,https://tripadvisor.mediaroom.com/us-privacy-policy
Triple13 Ltd,https://freestar.com/privacy-policy/
TripleLift,https://triplelift.com/privacy/
Triton Digital Canada Inc.,https://www.tritondigital.com/privacy-policies
TROVIT,https://corporate.trovit.com/politica-de-privacidad
True Wave Technologies Limited,http://truewave.io/gdpr.html
"TrueData Solutions, Inc.",https://www.truedata.co/privacy-policy/
TruEffect,https://trueffect.com/privacy-policy/
TrustArc,https://www.trustarc.com/privacy-policy/
"TrustX Digital Advertising Services, Inc. PBC",https://trustx.org/privacy
Truvid Inc.,https://truvid.com/privacy-policy
TStack Inc,https://trustedstack.com/privacy-policy/
TTG International,https://timetogrow.io/privacy-policy.html
Tubia FZCO,https://tubia.com/privacy-policy
Tuky Data,https://tuky.net/privacy.html
Tunnl B.V.,https://tunnl.com/privacy-policy
Turbo,https://www.turboadv.com/white-rabbit-privacy-policy
Turk Telekom,https://www.giftaddigital.com/en/privacy-policy
TVadSync,https://www.tvadsync.com/privacy-policy/
TVSquared,https://www.innovid.com/privacy-policy
"Twenty Nine Enterprises, Inc. (Magellan AI)",https://magellan.ai/privacy
twiago,https://www.twiago.com/datenschutz/
Twinpine,http://twinpinenetwork.com/privacy-policy/
Twist Digital LTD.,https://www.twist.win/privacy
twyn,http://www.twyn.com/datenschutz.html
TX Group AG,https://tx.group/data-privacy-policy-information-about-tx-data-offers/
TypeA Holdings,https://risecodes.com/privacy
UAB Digital Matter,https://digitalmatter.ai/en/privacy-policy
UAB Xeworks,https://xe.works/privacy-policy
Uber Technologies Inc.,https://privacy.uber.com/policy
ucfunnel,https://www.ucfunnel.com/privacy-policy
Umeng Plus Beijing Technology Limited Company,https://dip.umeng.com/opt_out.html?spm=a211g2.181323.0.0.5c633604LjuRQc
Unbounded AB,https://unboundedsource.com/en/privacy-services/
Undertone,https://www.undertone.com/privacy/
unerry Inc,https://www.unerry.co.jp/privacy-en/
UNICORN,https://uncn.jp/cup?lan=en
Unicredit BankAustria AG,https://www.bankaustria.at/rechtliches-datenschutz.jsp
UniCredit S.p.A.,https://www.unicredit.it/it/info/privacy.html
United Internet Media GmbH,https://www.united-internet-media.de/de/datenschutzhinweis/
Unity Ads,https://unity.com/legal/privacy-policy
Unitymedia,https://www.unitymedia.de/privatkunden/datenschutz/
UnrulyX,https://nexxen.com/services-privacy-policy/
uppr GmbH,https://uppr.rocks/datenschutz/
Upwave,https://www.upwave.com/privacy-policy/
usemax (Emego GmbH),http://www.usemax.de/?l=privacy
Userneeds,https://userneeds.com/pages/privacy-policy-english/
VALIUZ,https://www.valiuz.com/politique-de-confidentialite-2/
VALUAD ADVERTISING TECHNOLOGIES LTD,https://valuad.io/privacy-policy/
VDO.AI (Zero1 Inc),https://www.vdo.ai/legal
VECTAURY,https://vectaury.io/en/personal-data.html
Velocity,https://velocity.io/privacy-policy
Velonium LTD,https://velonium.com/privacy-policy
Venatus,https://www.venatus.com/privacy-policy
Vend Marketplaces,https://vend.com/privacy/no-policy
Veritonic Inc.,https://www.veritonic.com/privacy/
Vertoz,https://www.vertoz.com/privacy-policy/
Vertriebswerk,https://eazy.de/agb
Verve Group,https://pubnative.net/privacy-notice
VF Visual Fantastix Tanner,https://sitebarad.com/de/datenschutz.html
"VGI CTV, Inc",https://verve.com/product-privacy-policies/
VIADS ADVERTISING S.L.,https://viads.com/privacy-policy
Viafoura Inc.,https://viafoura.com/privacy-policy/
Viant,https://viantinc.com/privacy-policy/
Vibe,https://www.vibe.co/legal/privacy-policy
VICOM SOLUTION LTD,https://fastad.pro/assets/docx/Privacy_Policy.docx
Vidazoo,https://vidazoo.gitbook.io/vidazoo-legal/privacy-policy
Videobot Ltd,https://www.videobot.com/privacy-policy/
VideoShakers S.L.,https://videoshakers.tv/privacy-policy/
Videostori,https://www.videostori.io/privacy_policy
VideoStorm,http://videostorm.com/privacy/
Vidoomy,https://vidoomy.com/privacy-policy-en.html
Vidstart LTD,https://www.vidstart.com/wp-content/uploads/2018/09/DPA_PDF-Vidstart.pdf
ViewersLogic LTD,https://docs.viewerslogic.com/docs/Privacy-latest.html
ViewPay,http://viewpay.tv/mentions-legales/
Viewst,https://viewst.com/privacy-policy
Vimeo,https://vimeo.com/cookie_policy
Vinstant,https://vinstant.pro/privacy
Viomba,https://pathfinder.viomba.com/privacy-policy
Virtual Minds,https://virtualminds.de/datenschutz/
Visarity,https://primo.design/docs/PrivacyPolicyPrimo.html
Visoon Video Impact GmbH,https://visoon.de/datenschutz/
Vistar Media EMEA,https://www.vistarmedia.com/privacy
ViSTARS Agency,https://vistars.ai/privacy-policy/
vitrado GmbH,https://www.vitrado.de/datenschutz
VIVALU,https://www.vivalu.com/privacy-policy-for-online-advertising/
VIZNET,https://viznet.tv/en/privacy-policy-2/
Vizury,https://vizury.com/privacy-policy
Vlion Inc,https://advlion.com/en/WebsitePrivacyAndSecurity.html?hsLang=en
VLYBY Digital GmbH,https://www.vlyby.com/product-privacy
Vodafone GmbH,https://www.vodafone.de/unternehmen/datenschutz-privatsphaere.html
Voise Tech Limited,https://www.voisetech.com/privacy-policy/
VOXELSCOPE LDA,https://advoxel.com/privacy
Vpon,https://www.vpon.com/en/privacy-policy/
VRTCAL,https://www.vrtcal.com/docs/PrivacyPolicy-Advertising.pdf
Vserv,https://www.vserv.com/privacy-policy.html
Vudoo,https://vudoo.com/privacy-policy/
VUUKLE DMCC,https://news.vuukle.com/blog/privacy-notice
Vyde,https://www.wearevyde.com/privacy
WaardeX B.V.,https://waardex.com/privacy-policy/
Wagawin,https://www.wagawin.com/privacy-en/
WallyMatters BV,https://www.wallymatters.com/privacy-policy
Walmart,https://corporate.walmart.com/privacy-security/walmart-privacy-policy
Waystack,https://www.wayfair.com/customerservice/general_info.php#privacy
Waytogrow sp. z o.o.,https://www.waytogrow.com/privacy-policy/
We Adapt,https://weadapt.digital/privacy-policy/
WebAds B.V,https://privacy.webads.eu/
Webgains,https://www.webgains.com/public/en/privacy-2/
Weborama,https://weborama.com/en/privacy-2/
Welect GmbH,https://www.de.welect.de/en/privacy-policy/
Wemass Media Audience Safe Solutions,https://wemass.com/politica-privacidad.php
wetter.com Group GmbH,https://www.wetter.com/internal/news/datenschutzhinweise_aid_607698849b8ecf79e21584fa.html
what3words Limited,https://what3words.com/privacy
WHATROCKS,https://www.whatrocks.co/en/privacy-policy
Whichit UK Ltd,https://www.getwhichit.com/dataprotection
Whildey 2016 Ltd.,https://www.whildey.com/privacy-policy
Whistle Feed,https://whistle.mobi/home/privacy_policy
White Bear,https://help.smartxsp.io/terms-and-conditions/privacy
Widespace,https://improvedigital.com/platform-privacy-policy/
Winvid Media,https://cdn.prod.website-files.com/6807d92154a94fd97bd0a9fb/68383d795014c0593e1838b1_Winvid-PP-2024.pdf
Wish,https://www.wish.com/en-privacy-policy
Wizaly,https://www.wizaly.com/terms-of-use#privacy-policy
Wizora,https://www.wizora.io/privacy-policy/
WNSDY Media AB,https://wednesdaymedia.se/Privacy_Policy
Wonderbly,https://wonderbly.com/pages/privacy-policy
Woobi,https://woobi.com/privacy/
WooTag,https://www.wootag.com/privacy-policy/
"WURL, LLC",https://www.wurl.com/wurl-advertising-services-privacy-notice/#15
X-Social,http://www.xsocialgroup.com/PrivacyPolicy.html
XAD spoteffects GmbH,https://xadspoteffects.com/en/privacy-policy/
Xapads Media Ltd,https://www.xapads.com/privacy-policy/
xCheck,http://www.xcheck.co/privacy
Xiaomi DSP,https://trust.mi.com/
"Xiaomi Technologies Singapore Pte. Ltd.,",https://privacy.mi.com/all/en_US
xpln.ai,https://xpln.ai/privacy
Yabbi,http://dsp.yabbi.me/#popup-privacy
Yahoo,https://legal.yahoo.com/ie/en/yahoo/privacy/index.html
Yahoo International Limited,https://legal.yahoo.com/ie/en/yahoo/privacy/index.html
Yahoo! Japan,http://docs.yahoo.co.jp/docs/info/terms/chapter1.html
Yango,https://yandex.ru/legal/confidential/
YDigital Media,http://ydigitalmedia.com/pt/privacy-policy
YIELDBIRD SP. Z O.O.,https://yieldbird.com/privacy-policy
Yieldlove GmbH,https://www.yieldlove.com/de-de/datenschutz/
YieldMo,https://www.yieldmo.com/privacy/
YOC,https://yoc.com/privacy/
YOOSE,https://www.yoose.com/privacy-policy
YouAppi,http://youappi.com/privacy-policy
YouGov,https://yougov.co.uk/about/terms-combined/#/terms
YRGLM Inc.,https://www.ebis.ne.jp/gdpr_e/
YSO Corp,https://www.ysocorp.com/privacy-policy
Zebestof,https://zbo.media/politique-de-confidentialite/
Zeit Agency,https://zeitagency.com/privacy.html
zeotap,https://zeotap.com/privacy-policy/
zeotap GmbH,https://zeotap.com/privacy-policy
Zeta Global,https://zetaglobal.com/privacy-policy/
Ziff Davis LLC,https://www.ziffdavis.com/privacy-policy
zillian,https://www.forebase.com/widgets/Zillian_Privacy_Policy.htm
zMaticoo,https://www.zmaticoo.com/privacy
ZMS,https://zms.zalando.com/#
Zucks,http://zucks.co.jp/en/privacy/
Zuuvi,https://zuuvi.com/privatlivspolitik/
Zynga,https://www.zynga.com/privacy/policy
世纪富轩科技发展（北京）有限公司,https://dg.dhgate.com/buyerdisputesystem/index.html#/privacyIndex?id=1&isapp=pc
北京泛为信息科技有限公司,https://www.fancydigital.com.cn/privacy
顶新,http://www.360.cn/privacy/v3/bpsxy.html
